Exception_ID,Trade_ID,Exception_Type,Severity,Priority,Status,Owner,Created_Date,Last_Updated,Resolution_Time_Hours,Root_Cause,Escalated
EX00001,TRD100655,Booking Error,Low,P3,Open,Ankit,6/20/2026,6/21/2026,,Incorrect Trade Date,No
EX00002,TRD100115,FX Rate Mismatch,Medium,P2,Open,Neha,5/12/2026,5/14/2026,,Manual Error,No
EX00003,TRD100026,Cash Break,High,P1,Resolved,Priya,3/11/2026,3/12/2026,2,System Issue,No
EX00004,TRD100760,Confirmation Mismatch,High,P1,Resolved,Sneha,5/23/2026,5/24/2026,24,Trade Amendment,No
EX00005,TRD100282,SSI Missing,Medium,P2,In Progress,Riya,2/12/2026,2/15/2026,,Trade Amendment,No
EX00006,TRD100251,Trade Capture Error,High,P1,Resolved,Sneha,5/9/2026,5/11/2026,8,Incorrect Trade Date,No
EX00007,TRD100229,SSI Missing,Low,P3,In Progress,Ankit,2/23/2026,2/26/2026,,Trade Amendment,No
EX00008,TRD100143,SSI Missing,Low,P3,In Progress,Arjun,6/12/2026,6/13/2026,,Holiday Calendar,No
EX00009,TRD100755,SSI Missing,Low,P3,In Progress,Sneha,2/19/2026,2/21/2026,,Holiday Calendar,No
EX00010,TRD100105,FX Rate Mismatch,Low,P3,In Progress,Arjun,2/15/2026,2/16/2026,,System Issue,No
EX00011,TRD100693,Trade Capture Error,Low,P3,In Progress,Riya,6/11/2026,6/12/2026,,Incorrect Trade Date,No
EX00012,TRD100759,Position Break,Medium,P2,Resolved,Arjun,1/17/2026,1/22/2026,8,Manual Error,No
EX00013,TRD100914,Booking Error,High,P1,In Progress,Rahul,3/23/2026,3/26/2026,,SSI Missing,No
EX00014,TRD100559,Broker Mismatch,Medium,P2,Resolved,Sneha,1/24/2026,1/29/2026,12,Holiday Calendar,No
EX00015,TRD100090,Settlement Failure,Low,P3,Resolved,Ankit,6/25/2026,6/29/2026,36,Incorrect Trade Date,No
EX00016,TRD100605,Cash Break,Medium,P2,In Progress,Sneha,5/10/2026,5/13/2026,,System Issue,No
EX00017,TRD100433,Booking Error,Medium,P2,Open,Priya,6/19/2026,6/20/2026,,Price Difference,No
EX00018,TRD100033,SSI Missing,Medium,P2,In Progress,Neha,6/7/2026,6/10/2026,,Holiday Calendar,No
EX00019,TRD100031,Late Confirmation,Medium,P2,Resolved,Arjun,1/23/2026,1/27/2026,4,Broker Error,No
EX00020,TRD100096,SSI Missing,Medium,P2,Open,Sneha,1/28/2026,1/29/2026,,System Issue,No
EX00021,TRD100224,Trade Capture Error,Medium,P2,Open,Neha,2/15/2026,2/15/2026,,Price Difference,No
EX00022,TRD100239,Late Confirmation,Low,P3,Resolved,Sneha,5/27/2026,5/31/2026,4,Broker Error,No
EX00023,TRD100518,Position Break,Medium,P2,Open,Karan,6/27/2026,6/29/2026,,Holiday Calendar,No
EX00024,TRD100617,Position Break,Medium,P2,Open,Ankit,1/30/2026,1/30/2026,,Trade Amendment,No
EX00025,TRD100028,Broker Mismatch,Low,P3,Open,Ankit,5/31/2026,5/31/2026,,SSI Missing,No
EX00026,TRD100575,Broker Mismatch,Medium,P2,In Progress,Arjun,3/23/2026,3/26/2026,,Broker Error,No
EX00027,TRD100204,Broker Mismatch,Medium,P2,Open,Karan,1/23/2026,1/24/2026,,Trade Amendment,No
EX00028,TRD100734,Booking Error,Low,P3,Resolved,Karan,2/13/2026,2/15/2026,48,Price Difference,No
EX00029,TRD100666,Cash Break,Medium,P2,Resolved,Arjun,4/20/2026,4/23/2026,4,Late Confirmation,No
EX00030,TRD100719,Trade Capture Error,High,P1,Resolved,Sneha,5/29/2026,5/31/2026,36,Holiday Calendar,No
EX00031,TRD100987,Trade Capture Error,Medium,P2,Open,Riya,1/31/2026,1/31/2026,,Holiday Calendar,No
EX00032,TRD100430,Position Break,Low,P3,Open,Karan,1/23/2026,1/25/2026,,Manual Error,No
EX00033,TRD100226,Broker Mismatch,Low,P3,Resolved,Ankit,5/11/2026,5/15/2026,48,Broker Error,No
EX00034,TRD100460,Position Break,Medium,P2,Resolved,Priya,6/22/2026,6/25/2026,12,Broker Error,No
EX00035,TRD100604,Position Break,Low,P3,In Progress,Rahul,6/24/2026,6/25/2026,,SSI Missing,No
EX00036,TRD100285,Booking Error,Medium,P2,Resolved,Riya,3/16/2026,3/17/2026,4,Incorrect Trade Date,No
EX00037,TRD100829,Booking Error,Medium,P2,Resolved,Sneha,3/25/2026,3/29/2026,8,Broker Error,No
EX00038,TRD100891,Settlement Failure,High,P1,Open,Rahul,5/6/2026,5/6/2026,,Price Difference,Yes
EX00039,TRD100007,FX Rate Mismatch,High,P1,Resolved,Sneha,6/18/2026,6/20/2026,4,Wrong Counterparty,No
EX00040,TRD100778,SSI Missing,Low,P3,Resolved,Sneha,3/16/2026,3/19/2026,48,Trade Amendment,No
EX00041,TRD100826,Position Break,Low,P3,Resolved,Riya,1/9/2026,1/14/2026,8,Price Difference,No
EX00042,TRD100164,Booking Error,High,P1,Open,Sneha,5/21/2026,5/21/2026,,Wrong Counterparty,Yes
EX00043,TRD100715,Confirmation Mismatch,Low,P3,Resolved,Arjun,1/22/2026,1/25/2026,36,Manual Error,No
EX00044,TRD100984,Cash Break,Low,P3,In Progress,Karan,3/8/2026,3/10/2026,,Trade Amendment,No
EX00045,TRD100349,Late Confirmation,Medium,P2,Open,Karan,3/20/2026,3/21/2026,,Broker Error,No
EX00046,TRD100965,Trade Capture Error,Medium,P2,Open,Sneha,6/23/2026,6/24/2026,,System Issue,No
EX00047,TRD100160,Position Break,Low,P3,Resolved,Arjun,6/27/2026,7/2/2026,24,Manual Error,No
EX00048,TRD100221,Booking Error,Medium,P2,Resolved,Arjun,2/5/2026,2/8/2026,4,System Issue,No
EX00049,TRD100782,Settlement Failure,Low,P3,Open,Ankit,5/14/2026,5/16/2026,,SSI Missing,No
EX00050,TRD100345,FX Rate Mismatch,Medium,P2,Resolved,Karan,3/9/2026,3/11/2026,48,Broker Error,No
EX00051,TRD100991,Booking Error,Low,P3,Resolved,Arjun,4/19/2026,4/21/2026,12,Broker Error,No
EX00052,TRD100095,FX Rate Mismatch,Medium,P2,Resolved,Neha,6/20/2026,6/23/2026,8,System Issue,No
EX00053,TRD100390,Broker Mismatch,Medium,P2,Resolved,Priya,5/5/2026,5/6/2026,8,Price Difference,No
EX00054,TRD100100,Late Confirmation,Medium,P2,Resolved,Neha,4/6/2026,4/11/2026,48,SSI Missing,No
EX00055,TRD100368,Settlement Failure,Low,P3,Resolved,Priya,5/5/2026,5/8/2026,4,System Issue,No
EX00056,TRD100868,FX Rate Mismatch,High,P1,Resolved,Sneha,2/5/2026,2/7/2026,36,Manual Error,No
EX00057,TRD100353,Settlement Failure,Medium,P2,Resolved,Neha,1/30/2026,2/1/2026,8,Broker Error,No
EX00058,TRD100619,Settlement Failure,High,P1,Resolved,Priya,2/9/2026,2/14/2026,2,Trade Amendment,No
EX00059,TRD100271,Confirmation Mismatch,Low,P3,In Progress,Riya,5/6/2026,5/7/2026,,Wrong Counterparty,No
EX00060,TRD100827,FX Rate Mismatch,Medium,P2,Open,Karan,1/17/2026,1/18/2026,,System Issue,No
EX00061,TRD100045,Late Confirmation,Low,P3,In Progress,Rahul,3/22/2026,3/25/2026,,Wrong Counterparty,No
EX00062,TRD100748,Booking Error,Low,P3,Resolved,Sneha,5/6/2026,5/8/2026,36,Trade Amendment,No
EX00063,TRD100471,Position Break,Medium,P2,Open,Karan,3/10/2026,3/10/2026,,Wrong Counterparty,No
EX00064,TRD100550,FX Rate Mismatch,Medium,P2,Resolved,Sneha,4/6/2026,4/9/2026,36,Price Difference,No
EX00065,TRD100128,Trade Capture Error,Low,P3,Open,Riya,3/25/2026,3/27/2026,,SSI Missing,No
EX00066,TRD100388,Confirmation Mismatch,Medium,P2,Open,Rahul,2/12/2026,2/12/2026,,Trade Amendment,No
EX00067,TRD100081,FX Rate Mismatch,Low,P3,Open,Sneha,2/12/2026,2/13/2026,,Broker Error,No
EX00068,TRD100566,Broker Mismatch,Medium,P2,Open,Karan,3/23/2026,3/25/2026,,Broker Error,No
EX00069,TRD100301,Late Confirmation,High,P1,Resolved,Neha,7/3/2026,7/6/2026,36,Manual Error,No
EX00070,TRD100850,Booking Error,High,P1,In Progress,Rahul,6/7/2026,6/10/2026,,Trade Amendment,No
EX00071,TRD100644,Late Confirmation,Medium,P2,Open,Riya,1/21/2026,1/21/2026,,Broker Error,No
EX00072,TRD100634,Confirmation Mismatch,Low,P3,Resolved,Priya,6/11/2026,6/14/2026,8,Incorrect Trade Date,No
EX00073,TRD100907,Settlement Failure,Medium,P2,Resolved,Karan,6/9/2026,6/14/2026,12,SSI Missing,No
EX00074,TRD100883,Settlement Failure,Medium,P2,Resolved,Karan,3/8/2026,3/13/2026,48,Holiday Calendar,No
EX00075,TRD100371,Settlement Failure,High,P1,Open,Ankit,7/6/2026,7/7/2026,,System Issue,Yes
EX00076,TRD100592,FX Rate Mismatch,Medium,P2,In Progress,Sneha,4/20/2026,4/23/2026,,Manual Error,No
EX00077,TRD100197,SSI Missing,Low,P3,Open,Neha,2/14/2026,2/16/2026,,Late Confirmation,No
EX00078,TRD100722,FX Rate Mismatch,High,P1,Resolved,Sneha,2/15/2026,2/16/2026,48,Trade Amendment,No
EX00079,TRD100072,Booking Error,Medium,P2,Open,Riya,4/15/2026,4/17/2026,,Broker Error,No
EX00080,TRD100047,Trade Capture Error,Low,P3,Resolved,Priya,3/9/2026,3/13/2026,4,SSI Missing,No
EX00081,TRD100678,Broker Mismatch,Medium,P2,Open,Neha,6/11/2026,6/12/2026,,Manual Error,No
EX00082,TRD100234,SSI Missing,Medium,P2,Resolved,Karan,1/30/2026,2/3/2026,24,Late Confirmation,No
EX00083,TRD100792,Cash Break,Medium,P2,Resolved,Ankit,1/19/2026,1/23/2026,12,Price Difference,No
EX00084,TRD100297,FX Rate Mismatch,Medium,P2,Resolved,Riya,6/3/2026,6/6/2026,2,Holiday Calendar,No
EX00085,TRD100082,FX Rate Mismatch,Low,P3,Open,Rahul,5/15/2026,5/15/2026,,Trade Amendment,No
EX00086,TRD100876,Confirmation Mismatch,Medium,P2,Open,Karan,5/9/2026,5/10/2026,,Manual Error,No
EX00087,TRD100979,FX Rate Mismatch,Low,P3,Resolved,Neha,1/18/2026,1/19/2026,4,Incorrect Trade Date,No
EX00088,TRD100888,Broker Mismatch,Medium,P2,Resolved,Riya,4/10/2026,4/13/2026,48,Incorrect Trade Date,No
EX00089,TRD100104,Settlement Failure,Medium,P2,In Progress,Sneha,5/12/2026,5/15/2026,,Price Difference,No
EX00090,TRD100948,Confirmation Mismatch,Medium,P2,In Progress,Riya,5/26/2026,5/29/2026,,SSI Missing,No
EX00091,TRD100955,SSI Missing,Low,P3,Open,Neha,5/25/2026,5/26/2026,,Manual Error,No
EX00092,TRD100465,SSI Missing,High,P1,Open,Ankit,4/9/2026,4/10/2026,,Late Confirmation,Yes
EX00093,TRD100651,SSI Missing,Medium,P2,Open,Sneha,4/5/2026,4/5/2026,,Wrong Counterparty,No
EX00094,TRD100855,Late Confirmation,Low,P3,Open,Priya,3/17/2026,3/18/2026,,Price Difference,No
EX00095,TRD100374,FX Rate Mismatch,Medium,P2,Resolved,Neha,5/4/2026,5/5/2026,36,Late Confirmation,No
EX00096,TRD100167,Position Break,High,P1,Resolved,Neha,2/18/2026,2/21/2026,24,Broker Error,No
EX00097,TRD100380,Confirmation Mismatch,Low,P3,Resolved,Ankit,2/24/2026,2/28/2026,48,Holiday Calendar,No
EX00098,TRD100364,Position Break,Medium,P2,Open,Neha,6/30/2026,6/30/2026,,Manual Error,No
EX00099,TRD100215,FX Rate Mismatch,Medium,P2,Open,Neha,4/4/2026,4/6/2026,,Price Difference,No
EX00100,TRD100687,Booking Error,Medium,P2,Resolved,Priya,2/19/2026,2/24/2026,4,SSI Missing,No
EX00101,TRD100274,Settlement Failure,Low,P3,Open,Arjun,2/26/2026,2/27/2026,,Trade Amendment,No
EX00102,TRD100971,SSI Missing,High,P1,Resolved,Arjun,3/27/2026,3/29/2026,4,Late Confirmation,No
EX00103,TRD100700,Booking Error,Medium,P2,Resolved,Arjun,5/30/2026,6/3/2026,8,SSI Missing,No
EX00104,TRD100664,Broker Mismatch,Medium,P2,Resolved,Arjun,6/12/2026,6/16/2026,48,SSI Missing,No
EX00105,TRD100074,Cash Break,Low,P3,Resolved,Neha,4/18/2026,4/22/2026,2,Wrong Counterparty,No
EX00106,TRD100624,Trade Capture Error,Medium,P2,Open,Karan,6/30/2026,6/30/2026,,Manual Error,No
EX00107,TRD100908,Trade Capture Error,Medium,P2,In Progress,Sneha,6/21/2026,6/24/2026,,Broker Error,No
EX00108,TRD100176,Settlement Failure,Low,P3,Resolved,Rahul,1/31/2026,2/2/2026,2,System Issue,No
EX00109,TRD100547,Position Break,Low,P3,Resolved,Karan,3/22/2026,3/24/2026,24,Incorrect Trade Date,No
EX00110,TRD100747,Late Confirmation,Medium,P2,Open,Priya,6/14/2026,6/15/2026,,Holiday Calendar,No
EX00111,TRD100995,Booking Error,Medium,P2,In Progress,Rahul,6/17/2026,6/19/2026,,Incorrect Trade Date,No
EX00112,TRD100168,Confirmation Mismatch,Medium,P2,Resolved,Arjun,2/27/2026,3/2/2026,48,Late Confirmation,No
EX00113,TRD100474,Booking Error,Low,P3,Open,Ankit,2/15/2026,2/16/2026,,SSI Missing,No
EX00114,TRD100389,Trade Capture Error,Low,P3,In Progress,Rahul,3/31/2026,4/3/2026,,Manual Error,No
EX00115,TRD100277,Trade Capture Error,Low,P3,Resolved,Sneha,6/21/2026,6/26/2026,48,Late Confirmation,No
EX00116,TRD100656,Late Confirmation,Medium,P2,Resolved,Rahul,1/8/2026,1/10/2026,8,System Issue,No
EX00117,TRD100705,SSI Missing,Low,P3,Resolved,Sneha,5/7/2026,5/10/2026,24,Manual Error,No
EX00118,TRD100571,Settlement Failure,High,P1,Resolved,Priya,3/23/2026,3/26/2026,24,System Issue,No
EX00119,TRD100225,FX Rate Mismatch,High,P1,Open,Karan,6/2/2026,6/2/2026,,Incorrect Trade Date,No
EX00120,TRD100702,Settlement Failure,Medium,P2,Resolved,Neha,4/3/2026,4/8/2026,4,Broker Error,No
EX00121,TRD100333,Position Break,Medium,P2,Resolved,Sneha,5/2/2026,5/6/2026,48,Broker Error,No
EX00122,TRD100864,SSI Missing,Low,P3,Resolved,Sneha,1/26/2026,1/31/2026,8,Trade Amendment,No
EX00123,TRD100787,Cash Break,Medium,P2,Open,Riya,2/6/2026,2/8/2026,,Wrong Counterparty,No
EX00124,TRD100795,Confirmation Mismatch,Medium,P2,Resolved,Ankit,4/12/2026,4/13/2026,12,Holiday Calendar,No
EX00125,TRD100058,Position Break,Medium,P2,Resolved,Riya,3/23/2026,3/27/2026,48,SSI Missing,No
EX00126,TRD100235,FX Rate Mismatch,Medium,P2,Resolved,Sneha,1/24/2026,1/26/2026,8,SSI Missing,No
EX00127,TRD100842,SSI Missing,Low,P3,Resolved,Rahul,5/22/2026,5/25/2026,36,Wrong Counterparty,No
EX00128,TRD100983,Position Break,Low,P3,Open,Arjun,5/3/2026,5/3/2026,,Holiday Calendar,No
EX00129,TRD100825,Booking Error,Low,P3,Open,Arjun,3/30/2026,4/1/2026,,SSI Missing,No
EX00130,TRD100324,Confirmation Mismatch,Medium,P2,Resolved,Arjun,3/17/2026,3/19/2026,12,Late Confirmation,No
EX00131,TRD100411,Position Break,Medium,P2,Open,Rahul,3/29/2026,3/29/2026,,Wrong Counterparty,No
EX00132,TRD100275,SSI Missing,Low,P3,In Progress,Neha,1/16/2026,1/17/2026,,System Issue,No
EX00133,TRD100068,Late Confirmation,Low,P3,Resolved,Riya,1/10/2026,1/12/2026,48,SSI Missing,No
EX00134,TRD100217,Trade Capture Error,High,P1,Open,Riya,1/24/2026,1/24/2026,,Holiday Calendar,No
EX00135,TRD100581,Late Confirmation,Medium,P2,Resolved,Sneha,6/20/2026,6/23/2026,36,Manual Error,No
EX00136,TRD100736,FX Rate Mismatch,High,P1,Open,Riya,1/9/2026,1/11/2026,,Broker Error,Yes
EX00137,TRD100323,Confirmation Mismatch,Medium,P2,Resolved,Arjun,5/27/2026,6/1/2026,48,Holiday Calendar,No
EX00138,TRD100218,Booking Error,High,P1,Open,Rahul,4/3/2026,4/4/2026,,Price Difference,Yes
EX00139,TRD100672,Booking Error,Medium,P2,Open,Ankit,5/8/2026,5/8/2026,,Trade Amendment,No
EX00140,TRD100512,Position Break,Low,P3,Resolved,Priya,1/20/2026,1/24/2026,2,Trade Amendment,No
EX00141,TRD100406,Cash Break,Medium,P2,Open,Sneha,2/2/2026,2/4/2026,,Holiday Calendar,No
EX00142,TRD100659,Cash Break,Low,P3,Resolved,Riya,4/6/2026,4/7/2026,12,Wrong Counterparty,No
EX00143,TRD100470,Position Break,Medium,P2,Open,Rahul,2/10/2026,2/10/2026,,Incorrect Trade Date,No
EX00144,TRD100147,Confirmation Mismatch,High,P1,In Progress,Riya,5/5/2026,5/8/2026,,SSI Missing,No
EX00145,TRD100272,Position Break,Medium,P2,Open,Neha,2/14/2026,2/14/2026,,Incorrect Trade Date,No
EX00146,TRD100993,Confirmation Mismatch,Medium,P2,Open,Ankit,5/18/2026,5/20/2026,,Incorrect Trade Date,No
EX00147,TRD100253,Trade Capture Error,Medium,P2,In Progress,Sneha,3/25/2026,3/26/2026,,Trade Amendment,No
EX00148,TRD100763,SSI Missing,Medium,P2,Resolved,Karan,3/11/2026,3/12/2026,48,Broker Error,No
EX00149,TRD100975,Late Confirmation,Low,P3,Open,Arjun,5/23/2026,5/25/2026,,Incorrect Trade Date,No
EX00150,TRD100552,Booking Error,High,P1,Resolved,Rahul,2/5/2026,2/8/2026,36,Incorrect Trade Date,No
EX00151,TRD100270,Cash Break,Medium,P2,Resolved,Neha,5/8/2026,5/9/2026,2,SSI Missing,No
EX00152,TRD100765,Late Confirmation,Medium,P2,In Progress,Riya,6/9/2026,6/12/2026,,Broker Error,No
EX00153,TRD100599,Late Confirmation,Medium,P2,In Progress,Ankit,1/22/2026,1/24/2026,,Incorrect Trade Date,No
EX00154,TRD100439,Confirmation Mismatch,Medium,P2,Open,Arjun,3/14/2026,3/15/2026,,SSI Missing,No
EX00155,TRD100598,FX Rate Mismatch,Medium,P2,Resolved,Priya,5/29/2026,6/2/2026,36,Incorrect Trade Date,No
EX00156,TRD100409,Late Confirmation,Medium,P2,Resolved,Rahul,6/22/2026,6/25/2026,48,Incorrect Trade Date,No
EX00157,TRD100926,Booking Error,High,P1,Resolved,Priya,2/25/2026,2/28/2026,12,Incorrect Trade Date,No
EX00158,TRD100882,Position Break,High,P1,Open,Priya,1/7/2026,1/8/2026,,Wrong Counterparty,No
EX00159,TRD100142,SSI Missing,Low,P3,Resolved,Sneha,5/20/2026,5/23/2026,12,Holiday Calendar,No
EX00160,TRD100522,Cash Break,Medium,P2,Resolved,Karan,4/22/2026,4/24/2026,4,Price Difference,No
EX00161,TRD100506,Broker Mismatch,Medium,P2,Resolved,Rahul,1/28/2026,1/29/2026,8,Incorrect Trade Date,No
EX00162,TRD100094,SSI Missing,Low,P3,Open,Priya,6/20/2026,6/21/2026,,Trade Amendment,No
EX00163,TRD100774,FX Rate Mismatch,Low,P3,Open,Rahul,5/8/2026,5/10/2026,,Holiday Calendar,No
EX00164,TRD100049,Booking Error,Medium,P2,Open,Karan,3/17/2026,3/19/2026,,Price Difference,No
EX00165,TRD100113,Cash Break,Medium,P2,Resolved,Karan,3/25/2026,3/27/2026,48,Broker Error,No
EX00166,TRD100157,Position Break,Low,P3,Open,Priya,4/18/2026,4/20/2026,,Price Difference,No
EX00167,TRD100643,Cash Break,Low,P3,Resolved,Sneha,1/10/2026,1/14/2026,2,Late Confirmation,No
EX00168,TRD100959,Broker Mismatch,Low,P3,Resolved,Priya,5/7/2026,5/11/2026,8,Holiday Calendar,No
EX00169,TRD100812,Position Break,High,P1,In Progress,Rahul,1/24/2026,1/26/2026,,Holiday Calendar,No
EX00170,TRD100697,Settlement Failure,Medium,P2,Resolved,Arjun,1/11/2026,1/13/2026,8,SSI Missing,No
EX00171,TRD100957,Settlement Failure,Low,P3,Open,Neha,1/14/2026,1/14/2026,,Broker Error,No
EX00172,TRD100611,Settlement Failure,Medium,P2,Resolved,Sneha,5/5/2026,5/10/2026,12,Manual Error,No
EX00173,TRD100066,Late Confirmation,Medium,P2,In Progress,Riya,6/27/2026,6/30/2026,,SSI Missing,No
EX00174,TRD100395,Position Break,Low,P3,Resolved,Karan,5/13/2026,5/15/2026,2,SSI Missing,No
EX00175,TRD100391,Broker Mismatch,High,P1,In Progress,Ankit,5/28/2026,5/31/2026,,Trade Amendment,Yes
EX00176,TRD100964,Position Break,Medium,P2,Resolved,Priya,2/9/2026,2/14/2026,4,SSI Missing,No
EX00177,TRD100480,Broker Mismatch,Medium,P2,Resolved,Rahul,3/17/2026,3/22/2026,24,Holiday Calendar,No
EX00178,TRD100542,Settlement Failure,Low,P3,Resolved,Arjun,6/30/2026,7/3/2026,8,SSI Missing,No
EX00179,TRD100258,Late Confirmation,Medium,P2,Open,Arjun,6/2/2026,6/2/2026,,Trade Amendment,No
EX00180,TRD100567,FX Rate Mismatch,High,P1,Open,Karan,5/29/2026,5/29/2026,,Trade Amendment,No
EX00181,TRD100012,Trade Capture Error,Low,P3,Resolved,Rahul,2/11/2026,2/14/2026,2,Price Difference,No
EX00182,TRD100831,Broker Mismatch,Low,P3,Resolved,Karan,6/8/2026,6/12/2026,24,System Issue,No
EX00183,TRD100739,Settlement Failure,High,P1,Open,Arjun,4/2/2026,4/3/2026,,System Issue,No
EX00184,TRD100118,Position Break,High,P1,Resolved,Arjun,3/15/2026,3/19/2026,36,Trade Amendment,No
EX00185,TRD100699,Position Break,Medium,P2,Resolved,Sneha,6/23/2026,6/24/2026,8,Holiday Calendar,No
EX00186,TRD100937,Cash Break,Medium,P2,In Progress,Sneha,2/22/2026,2/24/2026,,SSI Missing,No
EX00187,TRD100769,SSI Missing,Medium,P2,Resolved,Karan,4/30/2026,5/4/2026,24,Incorrect Trade Date,No
EX00188,TRD100900,Position Break,Medium,P2,Open,Neha,6/16/2026,6/18/2026,,Manual Error,No
EX00189,TRD100788,SSI Missing,High,P1,Open,Rahul,2/23/2026,2/25/2026,,Trade Amendment,No
EX00190,TRD100657,SSI Missing,Low,P3,Open,Sneha,4/20/2026,4/20/2026,,Price Difference,No
EX00191,TRD100956,Late Confirmation,Low,P3,Resolved,Priya,3/22/2026,3/23/2026,24,Broker Error,No
EX00192,TRD100999,Broker Mismatch,Low,P3,Resolved,Arjun,6/10/2026,6/12/2026,24,Holiday Calendar,No
EX00193,TRD100932,FX Rate Mismatch,Medium,P2,Resolved,Riya,1/14/2026,1/16/2026,2,Late Confirmation,No
EX00194,TRD100446,Booking Error,High,P1,Open,Karan,1/28/2026,1/28/2026,,Price Difference,No
EX00195,TRD100162,FX Rate Mismatch,High,P1,In Progress,Sneha,7/4/2026,7/5/2026,,Incorrect Trade Date,No
EX00196,TRD100909,Booking Error,Medium,P2,Open,Neha,4/23/2026,4/25/2026,,Trade Amendment,No
EX00197,TRD100004,Cash Break,Low,P3,In Progress,Ankit,6/18/2026,6/19/2026,,SSI Missing,No
EX00198,TRD100740,Settlement Failure,Low,P3,Open,Arjun,6/22/2026,6/23/2026,,Late Confirmation,No
EX00199,TRD100737,Confirmation Mismatch,Medium,P2,Resolved,Sneha,5/14/2026,5/19/2026,4,System Issue,No
EX00200,TRD100931,Position Break,Medium,P2,Open,Riya,2/20/2026,2/22/2026,,Wrong Counterparty,No
EX00201,TRD100513,Broker Mismatch,High,P1,In Progress,Arjun,2/16/2026,2/17/2026,,Trade Amendment,Yes
EX00202,TRD100781,SSI Missing,Low,P3,Open,Priya,7/10/2026,7/12/2026,,Holiday Calendar,No
EX00203,TRD100183,SSI Missing,Medium,P2,In Progress,Neha,2/28/2026,3/3/2026,,Trade Amendment,No
EX00204,TRD100520,Broker Mismatch,High,P1,In Progress,Neha,5/28/2026,5/30/2026,,SSI Missing,No
EX00205,TRD100109,SSI Missing,Medium,P2,Open,Neha,2/5/2026,2/6/2026,,Wrong Counterparty,No
EX00206,TRD100641,Late Confirmation,Medium,P2,Open,Priya,2/12/2026,2/14/2026,,Trade Amendment,No
EX00207,TRD100306,Late Confirmation,Medium,P2,Open,Rahul,3/10/2026,3/11/2026,,Manual Error,No
EX00208,TRD101000,Late Confirmation,High,P1,In Progress,Riya,3/13/2026,3/15/2026,,Wrong Counterparty,Yes
EX00209,TRD100797,Booking Error,Medium,P2,Resolved,Karan,4/10/2026,4/13/2026,24,Price Difference,No
EX00210,TRD100895,Confirmation Mismatch,Low,P3,Open,Rahul,3/1/2026,3/2/2026,,Trade Amendment,No
EX00211,TRD100974,SSI Missing,Medium,P2,Resolved,Arjun,4/10/2026,4/15/2026,8,Incorrect Trade Date,No
EX00212,TRD100835,Cash Break,Low,P3,In Progress,Sneha,4/20/2026,4/21/2026,,Incorrect Trade Date,No
EX00213,TRD100383,Confirmation Mismatch,Medium,P2,Resolved,Rahul,2/15/2026,2/17/2026,4,System Issue,No
EX00214,TRD100799,SSI Missing,Low,P3,In Progress,Arjun,4/19/2026,4/20/2026,,Wrong Counterparty,No
EX00215,TRD100166,FX Rate Mismatch,Low,P3,Resolved,Karan,2/17/2026,2/22/2026,12,System Issue,No
EX00216,TRD100553,Trade Capture Error,Medium,P2,Resolved,Ankit,1/15/2026,1/19/2026,24,Wrong Counterparty,No
EX00217,TRD100544,Booking Error,Medium,P2,Resolved,Rahul,4/28/2026,5/2/2026,24,SSI Missing,No
EX00218,TRD100001,Cash Break,Medium,P2,In Progress,Rahul,6/10/2026,6/12/2026,,Holiday Calendar,No
EX00219,TRD100614,Position Break,High,P1,Open,Karan,2/24/2026,2/26/2026,,Late Confirmation,Yes
EX00220,TRD100332,Confirmation Mismatch,Medium,P2,In Progress,Priya,5/22/2026,5/25/2026,,SSI Missing,No
EX00221,TRD100501,Cash Break,Medium,P2,Open,Priya,3/31/2026,4/2/2026,,Price Difference,No
EX00222,TRD100020,SSI Missing,Medium,P2,Resolved,Arjun,2/6/2026,2/7/2026,2,Broker Error,No
EX00223,TRD100809,Late Confirmation,Medium,P2,Resolved,Arjun,2/15/2026,2/18/2026,4,Trade Amendment,No
EX00224,TRD100372,Cash Break,Medium,P2,Open,Karan,2/15/2026,2/17/2026,,Wrong Counterparty,No
EX00225,TRD100315,Confirmation Mismatch,Medium,P2,In Progress,Riya,4/25/2026,4/27/2026,,Wrong Counterparty,No
EX00226,TRD100246,Late Confirmation,Medium,P2,In Progress,Karan,5/4/2026,5/5/2026,,System Issue,No
EX00227,TRD100060,Trade Capture Error,Low,P3,Open,Rahul,5/4/2026,5/6/2026,,Wrong Counterparty,No
EX00228,TRD100247,SSI Missing,Medium,P2,Open,Ankit,6/22/2026,6/23/2026,,Manual Error,No
EX00229,TRD100866,FX Rate Mismatch,Medium,P2,Open,Arjun,4/22/2026,4/22/2026,,Holiday Calendar,No
EX00230,TRD100934,FX Rate Mismatch,High,P1,Open,Rahul,4/10/2026,4/12/2026,,Trade Amendment,No
EX00231,TRD100088,Broker Mismatch,Medium,P2,Open,Riya,2/22/2026,2/23/2026,,Incorrect Trade Date,No
EX00232,TRD100750,Cash Break,Low,P3,Resolved,Neha,5/17/2026,5/22/2026,8,Wrong Counterparty,No
EX00233,TRD100498,Booking Error,Medium,P2,In Progress,Ankit,1/11/2026,1/14/2026,,System Issue,No
EX00234,TRD100071,FX Rate Mismatch,Low,P3,Open,Arjun,2/25/2026,2/26/2026,,Late Confirmation,No
EX00235,TRD100546,Confirmation Mismatch,Low,P3,Open,Riya,6/21/2026,6/22/2026,,Holiday Calendar,No
EX00236,TRD100129,Settlement Failure,Low,P3,In Progress,Neha,5/12/2026,5/14/2026,,SSI Missing,No
EX00237,TRD100132,Trade Capture Error,Medium,P2,Resolved,Ankit,2/25/2026,3/1/2026,36,Late Confirmation,No
EX00238,TRD100676,Confirmation Mismatch,Medium,P2,Open,Ankit,2/5/2026,2/5/2026,,Price Difference,No
EX00239,TRD100487,Confirmation Mismatch,High,P1,In Progress,Riya,5/24/2026,5/27/2026,,Incorrect Trade Date,Yes
EX00240,TRD100563,SSI Missing,Low,P3,Resolved,Riya,1/3/2026,1/8/2026,2,Broker Error,No
EX00241,TRD100170,Settlement Failure,Medium,P2,Resolved,Sneha,5/4/2026,5/7/2026,8,Wrong Counterparty,No
EX00242,TRD100856,Position Break,Medium,P2,Open,Priya,3/21/2026,3/21/2026,,Manual Error,No
EX00243,TRD100541,Settlement Failure,Low,P3,Resolved,Rahul,6/29/2026,7/2/2026,4,System Issue,No
EX00244,TRD100622,Broker Mismatch,Medium,P2,Resolved,Karan,5/31/2026,6/4/2026,8,Trade Amendment,No
EX00245,TRD100434,Cash Break,Low,P3,Resolved,Priya,1/10/2026,1/11/2026,48,Broker Error,No
EX00246,TRD100867,Cash Break,Medium,P2,Open,Neha,1/11/2026,1/13/2026,,Wrong Counterparty,No
EX00247,TRD100785,Position Break,Medium,P2,Resolved,Arjun,1/11/2026,1/15/2026,48,SSI Missing,No
EX00248,TRD100939,Trade Capture Error,Medium,P2,Resolved,Rahul,5/31/2026,6/3/2026,12,System Issue,No
EX00249,TRD100707,Late Confirmation,Medium,P2,Resolved,Rahul,4/5/2026,4/8/2026,8,System Issue,No
EX00250,TRD100206,Confirmation Mismatch,Medium,P2,Open,Karan,1/18/2026,1/20/2026,,System Issue,No
EX00251,TRD100731,Booking Error,High,P1,Open,Arjun,3/3/2026,3/5/2026,,Wrong Counterparty,Yes
EX00252,TRD100320,FX Rate Mismatch,Medium,P2,In Progress,Arjun,3/10/2026,3/11/2026,,Holiday Calendar,No
EX00253,TRD100845,Trade Capture Error,Low,P3,In Progress,Ankit,6/25/2026,6/28/2026,,Wrong Counterparty,No
EX00254,TRD100688,Confirmation Mismatch,Low,P3,Resolved,Sneha,4/6/2026,4/9/2026,24,Manual Error,No
EX00255,TRD100972,Broker Mismatch,Low,P3,In Progress,Priya,7/2/2026,7/5/2026,,Trade Amendment,No
EX00256,TRD100832,Trade Capture Error,Medium,P2,Open,Karan,3/9/2026,3/11/2026,,SSI Missing,No
EX00257,TRD100449,Broker Mismatch,Low,P3,Resolved,Riya,3/30/2026,4/1/2026,12,Broker Error,No
EX00258,TRD100530,Settlement Failure,Medium,P2,Open,Riya,1/27/2026,1/28/2026,,System Issue,No
EX00259,TRD100463,Settlement Failure,Low,P3,Open,Riya,6/12/2026,6/12/2026,,Incorrect Trade Date,No
EX00260,TRD100124,FX Rate Mismatch,Low,P3,Open,Rahul,4/8/2026,4/8/2026,,System Issue,No
EX00261,TRD100254,Position Break,Medium,P2,Open,Arjun,5/24/2026,5/26/2026,,Holiday Calendar,No
EX00262,TRD100231,Confirmation Mismatch,Medium,P2,In Progress,Priya,4/8/2026,4/10/2026,,Incorrect Trade Date,No
EX00263,TRD100828,Trade Capture Error,High,P1,In Progress,Rahul,2/21/2026,2/24/2026,,Manual Error,Yes
EX00264,TRD100347,Position Break,Low,P3,Resolved,Ankit,3/3/2026,3/8/2026,12,Price Difference,No
EX00265,TRD100022,Settlement Failure,Medium,P2,Resolved,Riya,6/28/2026,6/29/2026,36,Wrong Counterparty,No
EX00266,TRD100603,Trade Capture Error,Low,P3,In Progress,Sneha,6/6/2026,6/7/2026,,SSI Missing,No
EX00267,TRD100568,Trade Capture Error,Medium,P2,Resolved,Rahul,4/5/2026,4/6/2026,36,Holiday Calendar,No
EX00268,TRD100236,Broker Mismatch,Medium,P2,Open,Neha,2/12/2026,2/12/2026,,Price Difference,No
EX00269,TRD100735,Late Confirmation,Low,P3,Open,Arjun,6/26/2026,6/28/2026,,Price Difference,No
EX00270,TRD100968,Position Break,Medium,P2,Resolved,Neha,6/24/2026,6/26/2026,24,System Issue,No
EX00271,TRD100008,Broker Mismatch,High,P1,In Progress,Karan,4/28/2026,5/1/2026,,Manual Error,Yes
EX00272,TRD100073,Broker Mismatch,Low,P3,In Progress,Arjun,5/28/2026,5/30/2026,,Holiday Calendar,No
EX00273,TRD100725,FX Rate Mismatch,Medium,P2,Resolved,Ankit,1/9/2026,1/14/2026,48,Price Difference,No
EX00274,TRD100647,Broker Mismatch,Medium,P2,Open,Riya,4/20/2026,4/20/2026,,Holiday Calendar,No
EX00275,TRD100061,Cash Break,Medium,P2,Resolved,Sneha,6/5/2026,6/7/2026,8,Broker Error,No
EX00276,TRD100875,Position Break,Low,P3,Resolved,Rahul,3/30/2026,4/2/2026,2,SSI Missing,No
EX00277,TRD100070,Trade Capture Error,High,P1,Open,Arjun,2/21/2026,2/23/2026,,System Issue,Yes
EX00278,TRD100873,FX Rate Mismatch,Low,P3,Resolved,Ankit,4/6/2026,4/7/2026,36,Wrong Counterparty,No
EX00279,TRD100339,Booking Error,Low,P3,Resolved,Riya,1/19/2026,1/22/2026,24,Broker Error,No
EX00280,TRD100729,FX Rate Mismatch,Medium,P2,Resolved,Karan,6/28/2026,7/3/2026,8,SSI Missing,No
EX00281,TRD100527,Cash Break,Low,P3,Open,Arjun,6/15/2026,6/15/2026,,Holiday Calendar,No
EX00282,TRD100244,Late Confirmation,High,P1,In Progress,Riya,4/6/2026,4/7/2026,,System Issue,Yes
EX00283,TRD100286,FX Rate Mismatch,High,P1,Resolved,Arjun,6/5/2026,6/7/2026,24,System Issue,No
EX00284,TRD100686,FX Rate Mismatch,Low,P3,Resolved,Priya,1/11/2026,1/15/2026,36,Incorrect Trade Date,No
EX00285,TRD100768,Broker Mismatch,High,P1,Open,Rahul,6/29/2026,6/29/2026,,Late Confirmation,No
EX00286,TRD100220,Position Break,High,P1,In Progress,Priya,1/22/2026,1/23/2026,,Price Difference,No
EX00287,TRD100754,Cash Break,High,P1,Resolved,Rahul,5/8/2026,5/12/2026,24,Wrong Counterparty,No
EX00288,TRD100136,FX Rate Mismatch,Medium,P2,In Progress,Rahul,6/16/2026,6/19/2026,,Manual Error,No
EX00289,TRD100585,Broker Mismatch,Medium,P2,Resolved,Neha,3/10/2026,3/13/2026,24,Manual Error,No
EX00290,TRD100591,Confirmation Mismatch,Medium,P2,Open,Sneha,5/25/2026,5/25/2026,,Late Confirmation,No
EX00291,TRD100485,Booking Error,High,P1,Resolved,Riya,2/2/2026,2/5/2026,8,SSI Missing,No
EX00292,TRD100249,Booking Error,Medium,P2,Resolved,Sneha,5/5/2026,5/7/2026,4,Manual Error,No
EX00293,TRD100710,Settlement Failure,High,P1,Resolved,Priya,3/23/2026,3/24/2026,12,SSI Missing,No
EX00294,TRD100417,Broker Mismatch,Medium,P2,Resolved,Rahul,3/27/2026,3/28/2026,24,Price Difference,No
EX00295,TRD100195,Booking Error,Medium,P2,In Progress,Rahul,2/28/2026,3/2/2026,,SSI Missing,No
EX00296,TRD100097,SSI Missing,Medium,P2,Resolved,Arjun,4/26/2026,4/27/2026,24,Manual Error,No
EX00297,TRD100947,Booking Error,Low,P3,Open,Priya,4/2/2026,4/2/2026,,Wrong Counterparty,No
EX00298,TRD100675,Broker Mismatch,Medium,P2,In Progress,Arjun,1/17/2026,1/20/2026,,Holiday Calendar,No
EX00299,TRD100442,Settlement Failure,Low,P3,Resolved,Sneha,3/16/2026,3/19/2026,24,Holiday Calendar,No
EX00300,TRD100363,Late Confirmation,Medium,P2,Resolved,Riya,4/30/2026,5/5/2026,48,Incorrect Trade Date,No
EX00301,TRD100756,Cash Break,High,P1,Resolved,Riya,6/30/2026,7/2/2026,12,Holiday Calendar,No
EX00302,TRD100421,Booking Error,High,P1,Open,Ankit,7/2/2026,7/2/2026,,SSI Missing,No
EX00303,TRD100479,Cash Break,High,P1,Resolved,Arjun,1/11/2026,1/15/2026,4,SSI Missing,No
EX00304,TRD100056,Confirmation Mismatch,High,P1,In Progress,Priya,5/16/2026,5/18/2026,,SSI Missing,No
EX00305,TRD100690,Confirmation Mismatch,High,P1,Resolved,Rahul,2/2/2026,2/6/2026,24,SSI Missing,No
EX00306,TRD100670,Position Break,Medium,P2,Resolved,Rahul,6/24/2026,6/27/2026,48,System Issue,No
EX00307,TRD100662,Late Confirmation,Medium,P2,Open,Priya,2/14/2026,2/14/2026,,Holiday Calendar,No
EX00308,TRD100101,Confirmation Mismatch,High,P1,Resolved,Priya,2/14/2026,2/16/2026,12,Holiday Calendar,No
EX00309,TRD100063,Trade Capture Error,Medium,P2,Resolved,Karan,2/27/2026,3/2/2026,8,Wrong Counterparty,No
EX00310,TRD100413,Position Break,Medium,P2,Resolved,Arjun,1/24/2026,1/25/2026,8,Wrong Counterparty,No
EX00311,TRD100348,Position Break,Medium,P2,In Progress,Priya,4/25/2026,4/27/2026,,System Issue,No
EX00312,TRD100112,Cash Break,Medium,P2,In Progress,Priya,4/18/2026,4/20/2026,,Holiday Calendar,No
EX00313,TRD100255,Trade Capture Error,Low,P3,Resolved,Arjun,3/10/2026,3/15/2026,12,Holiday Calendar,No
EX00314,TRD100924,Late Confirmation,Medium,P2,Open,Ankit,6/13/2026,6/13/2026,,Wrong Counterparty,No
EX00315,TRD100706,Trade Capture Error,Low,P3,Resolved,Karan,5/11/2026,5/15/2026,2,System Issue,No
EX00316,TRD100815,SSI Missing,Low,P3,Resolved,Neha,3/2/2026,3/6/2026,36,Price Difference,No
EX00317,TRD100967,Confirmation Mismatch,Medium,P2,Resolved,Karan,6/14/2026,6/18/2026,48,Wrong Counterparty,No
EX00318,TRD100144,Broker Mismatch,Medium,P2,Resolved,Rahul,2/25/2026,3/1/2026,48,Incorrect Trade Date,No
EX00319,TRD100830,Confirmation Mismatch,Low,P3,In Progress,Sneha,3/31/2026,4/3/2026,,Price Difference,No
EX00320,TRD100188,Late Confirmation,Medium,P2,Resolved,Riya,5/5/2026,5/6/2026,24,Incorrect Trade Date,No
EX00321,TRD100718,Trade Capture Error,Low,P3,Resolved,Ankit,1/7/2026,1/10/2026,2,Broker Error,No
EX00322,TRD100913,SSI Missing,Medium,P2,Resolved,Arjun,4/29/2026,5/4/2026,24,Manual Error,No
EX00323,TRD100256,Cash Break,Medium,P2,Resolved,Neha,6/17/2026,6/19/2026,2,Incorrect Trade Date,No
EX00324,TRD100078,Confirmation Mismatch,Medium,P2,Resolved,Karan,1/17/2026,1/21/2026,8,Broker Error,No
EX00325,TRD100454,Confirmation Mismatch,Medium,P2,Resolved,Priya,3/14/2026,3/17/2026,2,Price Difference,No
EX00326,TRD100564,Position Break,Medium,P2,Open,Karan,5/15/2026,5/17/2026,,Price Difference,No
EX00327,TRD100990,Position Break,Low,P3,Open,Riya,3/24/2026,3/26/2026,,Manual Error,No
EX00328,TRD100052,Position Break,Low,P3,In Progress,Riya,5/24/2026,5/27/2026,,Manual Error,No
EX00329,TRD100668,Broker Mismatch,Low,P3,Resolved,Priya,2/6/2026,2/7/2026,24,Incorrect Trade Date,No
EX00330,TRD100554,Broker Mismatch,Medium,P2,Resolved,Arjun,4/6/2026,4/10/2026,36,Wrong Counterparty,No
EX00331,TRD100016,FX Rate Mismatch,Medium,P2,Resolved,Priya,3/25/2026,3/28/2026,8,System Issue,No
EX00332,TRD100981,Cash Break,Low,P3,Open,Sneha,7/3/2026,7/3/2026,,Price Difference,No
EX00333,TRD100243,Position Break,Medium,P2,Resolved,Priya,4/15/2026,4/19/2026,24,Wrong Counterparty,No
EX00334,TRD100171,Broker Mismatch,Medium,P2,Resolved,Priya,6/28/2026,6/30/2026,24,Broker Error,No
EX00335,TRD100752,Cash Break,Medium,P2,Resolved,Rahul,3/4/2026,3/5/2026,24,Broker Error,No
EX00336,TRD100716,Position Break,High,P1,In Progress,Karan,2/6/2026,2/9/2026,,Holiday Calendar,Yes
EX00337,TRD100493,Settlement Failure,Low,P3,Resolved,Ankit,5/16/2026,5/21/2026,2,System Issue,No
EX00338,TRD100219,Late Confirmation,High,P1,Resolved,Karan,6/16/2026,6/20/2026,4,Late Confirmation,No
EX00339,TRD100870,Cash Break,Medium,P2,Open,Rahul,5/4/2026,5/6/2026,,Broker Error,No
EX00340,TRD100726,Trade Capture Error,Medium,P2,In Progress,Neha,1/6/2026,1/9/2026,,Manual Error,No
EX00341,TRD100169,Trade Capture Error,Medium,P2,Resolved,Ankit,1/3/2026,1/4/2026,12,Wrong Counterparty,No
EX00342,TRD100169,Position Break,Medium,P2,In Progress,Priya,1/11/2026,1/14/2026,,Wrong Counterparty,No
EX00343,TRD100887,Late Confirmation,High,P1,Resolved,Arjun,1/22/2026,1/23/2026,48,Late Confirmation,No
EX00344,TRD100887,Booking Error,Medium,P2,Open,Neha,1/24/2026,1/26/2026,,Wrong Counterparty,No
EX00345,TRD100003,SSI Missing,Medium,P2,In Progress,Riya,6/8/2026,6/9/2026,,Manual Error,No
EX00346,TRD100003,SSI Missing,Low,P3,In Progress,Ankit,5/31/2026,6/3/2026,,Trade Amendment,No
EX00347,TRD100400,FX Rate Mismatch,Low,P3,In Progress,Priya,2/4/2026,2/6/2026,,Wrong Counterparty,No
EX00348,TRD100400,Confirmation Mismatch,Medium,P2,Open,Sneha,1/31/2026,2/1/2026,,Holiday Calendar,No
EX00349,TRD100989,Cash Break,Medium,P2,Resolved,Rahul,3/10/2026,3/14/2026,12,SSI Missing,No
EX00350,TRD100989,Confirmation Mismatch,Low,P3,Resolved,Riya,3/15/2026,3/18/2026,36,Price Difference,No
EX00351,TRD100466,Cash Break,Low,P3,In Progress,Neha,6/1/2026,6/3/2026,,Incorrect Trade Date,No
EX00352,TRD100466,Settlement Failure,Medium,P2,Resolved,Rahul,6/1/2026,6/4/2026,48,SSI Missing,No
EX00353,TRD100293,SSI Missing,Medium,P2,In Progress,Karan,2/23/2026,2/24/2026,,Broker Error,No
EX00354,TRD100293,Booking Error,High,P1,In Progress,Priya,2/26/2026,3/1/2026,,System Issue,No
EX00355,TRD100898,Settlement Failure,High,P1,Resolved,Riya,3/26/2026,3/28/2026,8,System Issue,No
EX00356,TRD100898,Confirmation Mismatch,Low,P3,Open,Sneha,3/31/2026,4/2/2026,,Manual Error,No
EX00357,TRD100570,FX Rate Mismatch,Medium,P2,Resolved,Rahul,1/26/2026,1/31/2026,4,Manual Error,No
EX00358,TRD100570,SSI Missing,Medium,P2,In Progress,Karan,1/23/2026,1/26/2026,,SSI Missing,No
EX00359,TRD100499,Cash Break,Medium,P2,Resolved,Neha,6/15/2026,6/18/2026,2,Trade Amendment,No
EX00360,TRD100499,SSI Missing,Medium,P2,In Progress,Sneha,6/16/2026,6/19/2026,,Late Confirmation,No
EX00361,TRD100159,Cash Break,Medium,P2,Open,Ankit,3/12/2026,3/13/2026,,Trade Amendment,No
EX00362,TRD100159,Confirmation Mismatch,Low,P3,Open,Sneha,3/17/2026,3/17/2026,,Trade Amendment,No
EX00363,TRD100717,Position Break,Low,P3,Open,Arjun,4/23/2026,4/24/2026,,Trade Amendment,No
EX00364,TRD100717,Late Confirmation,Medium,P2,Open,Neha,4/20/2026,4/22/2026,,Manual Error,No
EX00365,TRD100304,Broker Mismatch,Low,P3,Open,Ankit,2/21/2026,2/21/2026,,Holiday Calendar,No
EX00366,TRD100304,Confirmation Mismatch,Medium,P2,Resolved,Ankit,2/20/2026,2/24/2026,12,Broker Error,No
EX00367,TRD100223,SSI Missing,Medium,P2,Resolved,Riya,2/18/2026,2/21/2026,8,Wrong Counterparty,No
EX00368,TRD100223,Confirmation Mismatch,Medium,P2,Open,Rahul,2/20/2026,2/21/2026,,Wrong Counterparty,No
EX00369,TRD100838,Broker Mismatch,High,P1,Resolved,Neha,1/27/2026,1/31/2026,2,Late Confirmation,No
EX00370,TRD100838,Broker Mismatch,Low,P3,Resolved,Priya,2/2/2026,2/7/2026,2,System Issue,No
EX00371,TRD100594,Broker Mismatch,High,P1,Resolved,Arjun,5/19/2026,5/21/2026,48,Holiday Calendar,No
EX00372,TRD100594,Confirmation Mismatch,Medium,P2,Open,Neha,5/26/2026,5/28/2026,,Holiday Calendar,No
EX00373,TRD100556,Confirmation Mismatch,Low,P3,In Progress,Riya,3/11/2026,3/12/2026,,SSI Missing,No
EX00374,TRD100556,SSI Missing,Medium,P2,Open,Sneha,3/15/2026,3/17/2026,,Manual Error,No
EX00375,TRD100692,Cash Break,Low,P3,Open,Neha,6/30/2026,7/1/2026,,Trade Amendment,No
EX00376,TRD100692,Confirmation Mismatch,Medium,P2,Open,Rahul,7/2/2026,7/4/2026,,Incorrect Trade Date,No
EX00377,TRD100322,Confirmation Mismatch,Low,P3,Resolved,Karan,4/13/2026,4/18/2026,8,Broker Error,No
EX00378,TRD100322,SSI Missing,Medium,P2,Resolved,Neha,4/21/2026,4/24/2026,4,SSI Missing,No
EX00379,TRD100059,Broker Mismatch,Low,P3,Open,Rahul,5/1/2026,5/1/2026,,Manual Error,No
EX00380,TRD100059,Position Break,Low,P3,Resolved,Priya,4/30/2026,5/3/2026,12,Trade Amendment,No
EX00381,TRD100673,Position Break,Low,P3,In Progress,Ankit,5/26/2026,5/29/2026,,Incorrect Trade Date,No
EX00382,TRD100673,Confirmation Mismatch,Medium,P2,In Progress,Arjun,5/23/2026,5/25/2026,,SSI Missing,No
EX00383,TRD100848,Broker Mismatch,Medium,P2,In Progress,Rahul,2/21/2026,2/22/2026,,Holiday Calendar,No
EX00384,TRD100848,Cash Break,High,P1,Resolved,Sneha,2/23/2026,2/26/2026,48,Late Confirmation,No
EX00385,TRD100489,Late Confirmation,Medium,P2,Resolved,Ankit,2/20/2026,2/23/2026,24,Broker Error,No
EX00386,TRD100489,Broker Mismatch,Medium,P2,In Progress,Ankit,2/19/2026,2/22/2026,,Trade Amendment,No
EX00387,TRD100515,Settlement Failure,High,P1,Resolved,Arjun,2/22/2026,2/25/2026,24,Manual Error,No
EX00388,TRD100515,Broker Mismatch,Low,P3,Resolved,Ankit,2/23/2026,2/25/2026,2,Holiday Calendar,No
EX00389,TRD100784,Confirmation Mismatch,Medium,P2,Resolved,Rahul,5/18/2026,5/21/2026,36,Price Difference,No
EX00390,TRD100784,Confirmation Mismatch,Low,P3,Open,Sneha,5/21/2026,5/22/2026,,Late Confirmation,No
EX00391,TRD100806,Position Break,High,P1,In Progress,Priya,2/28/2026,3/3/2026,,Price Difference,Yes
EX00392,TRD100806,Cash Break,Medium,P2,In Progress,Arjun,3/5/2026,3/8/2026,,Broker Error,No
EX00393,TRD100877,Confirmation Mismatch,Medium,P2,Resolved,Priya,4/23/2026,4/28/2026,4,SSI Missing,No
EX00394,TRD100877,Cash Break,High,P1,Resolved,Ankit,4/26/2026,5/1/2026,2,Broker Error,No
EX00395,TRD100521,Booking Error,Medium,P2,Resolved,Rahul,4/13/2026,4/15/2026,2,Price Difference,No
EX00396,TRD100521,Cash Break,Low,P3,Resolved,Riya,4/13/2026,4/15/2026,36,Late Confirmation,No
EX00397,TRD100083,FX Rate Mismatch,High,P1,Resolved,Ankit,4/26/2026,4/30/2026,2,SSI Missing,No
EX00398,TRD100083,Settlement Failure,Medium,P2,In Progress,Rahul,4/26/2026,4/27/2026,,Price Difference,No
EX00399,TRD100191,Confirmation Mismatch,High,P1,In Progress,Neha,1/19/2026,1/22/2026,,SSI Missing,Yes
EX00400,TRD100191,Confirmation Mismatch,High,P1,Resolved,Arjun,1/24/2026,1/26/2026,12,SSI Missing,No
EX00401,TRD100767,Position Break,High,P1,Resolved,Karan,4/17/2026,4/21/2026,24,Manual Error,No
EX00402,TRD100767,Booking Error,Medium,P2,Resolved,Neha,4/20/2026,4/22/2026,4,Broker Error,No
EX00403,TRD100610,Booking Error,Low,P3,Resolved,Karan,5/3/2026,5/5/2026,24,Holiday Calendar,No
EX00404,TRD100610,SSI Missing,Low,P3,Resolved,Riya,4/25/2026,4/29/2026,8,Price Difference,No
EX00405,TRD100724,Broker Mismatch,Medium,P2,Open,Rahul,1/19/2026,1/21/2026,,Holiday Calendar,No
EX00406,TRD100724,Cash Break,Low,P3,Resolved,Arjun,1/24/2026,1/28/2026,48,Holiday Calendar,No
EX00407,TRD100241,Booking Error,Medium,P2,Resolved,Rahul,1/23/2026,1/24/2026,4,Broker Error,No
EX00408,TRD100241,Confirmation Mismatch,Medium,P2,Open,Ankit,1/17/2026,1/17/2026,,Price Difference,No
EX00409,TRD100414,Late Confirmation,Medium,P2,In Progress,Riya,1/11/2026,1/12/2026,,Incorrect Trade Date,No
EX00410,TRD100414,Trade Capture Error,Low,P3,In Progress,Arjun,1/13/2026,1/14/2026,,Incorrect Trade Date,No
EX00411,TRD100123,SSI Missing,Low,P3,Resolved,Ankit,6/21/2026,6/26/2026,24,Broker Error,No
EX00412,TRD100123,Trade Capture Error,Medium,P2,Resolved,Ankit,6/16/2026,6/17/2026,2,Manual Error,No
EX00413,TRD100584,Cash Break,Medium,P2,Resolved,Priya,7/1/2026,7/3/2026,4,Incorrect Trade Date,No
EX00414,TRD100584,Broker Mismatch,High,P1,Resolved,Arjun,6/24/2026,6/25/2026,48,SSI Missing,No
EX00415,TRD100854,Confirmation Mismatch,Medium,P2,In Progress,Arjun,2/27/2026,3/2/2026,,System Issue,No
EX00416,TRD100854,FX Rate Mismatch,Medium,P2,In Progress,Arjun,2/27/2026,3/2/2026,,Trade Amendment,No
EX00417,TRD100593,Trade Capture Error,Low,P3,Open,Priya,3/5/2026,3/6/2026,,Holiday Calendar,No
EX00418,TRD100593,Settlement Failure,Medium,P2,Open,Riya,2/26/2026,2/26/2026,,Wrong Counterparty,No
EX00419,TRD100609,Confirmation Mismatch,High,P1,Open,Karan,3/20/2026,3/20/2026,,Trade Amendment,Yes
EX00420,TRD100609,Confirmation Mismatch,Medium,P2,Resolved,Arjun,3/16/2026,3/18/2026,8,Broker Error,No
EX00421,TRD100041,Confirmation Mismatch,High,P1,Resolved,Rahul,3/30/2026,4/2/2026,8,Manual Error,No
EX00422,TRD100041,FX Rate Mismatch,Medium,P2,Open,Riya,3/31/2026,4/1/2026,,Incorrect Trade Date,No
EX00423,TRD100084,Trade Capture Error,Medium,P2,Resolved,Priya,4/10/2026,4/15/2026,48,Broker Error,No
EX00424,TRD100084,Confirmation Mismatch,High,P1,In Progress,Sneha,4/7/2026,4/8/2026,,Incorrect Trade Date,Yes
EX00425,TRD100969,Cash Break,High,P1,Resolved,Karan,4/18/2026,4/19/2026,24,Manual Error,No
EX00426,TRD100969,SSI Missing,Medium,P2,Open,Rahul,4/26/2026,4/27/2026,,SSI Missing,No
EX00427,TRD100846,Broker Mismatch,Medium,P2,In Progress,Neha,5/25/2026,5/28/2026,,System Issue,No
EX00428,TRD100846,FX Rate Mismatch,Medium,P2,Resolved,Priya,5/25/2026,5/30/2026,24,Manual Error,No
EX00429,TRD100579,FX Rate Mismatch,Medium,P2,Resolved,Ankit,3/6/2026,3/11/2026,48,SSI Missing,No
EX00430,TRD100579,Confirmation Mismatch,High,P1,Resolved,Neha,3/6/2026,3/10/2026,2,Holiday Calendar,No
EX00431,TRD100536,Broker Mismatch,Medium,P2,In Progress,Riya,4/19/2026,4/20/2026,,Trade Amendment,No
EX00432,TRD100536,Booking Error,Medium,P2,Resolved,Karan,4/17/2026,4/18/2026,12,Broker Error,No
EX00433,TRD100871,SSI Missing,Medium,P2,In Progress,Sneha,4/26/2026,4/27/2026,,SSI Missing,No
EX00434,TRD100871,Trade Capture Error,Medium,P2,In Progress,Rahul,4/23/2026,4/26/2026,,Holiday Calendar,No
EX00435,TRD100268,Late Confirmation,Low,P3,Resolved,Ankit,4/21/2026,4/25/2026,36,Broker Error,No
EX00436,TRD100268,Broker Mismatch,Medium,P2,Resolved,Priya,4/13/2026,4/18/2026,24,SSI Missing,No
EX00437,TRD100210,SSI Missing,Low,P3,Resolved,Rahul,5/29/2026,5/31/2026,4,Holiday Calendar,No
EX00438,TRD100210,Late Confirmation,High,P1,Open,Neha,5/30/2026,6/1/2026,,Incorrect Trade Date,Yes
EX00439,TRD100642,Position Break,Low,P3,In Progress,Riya,1/29/2026,1/30/2026,,Late Confirmation,No
EX00440,TRD100642,Late Confirmation,Medium,P2,Resolved,Riya,2/4/2026,2/5/2026,48,SSI Missing,No
EX00441,TRD100245,Confirmation Mismatch,Medium,P2,Resolved,Sneha,4/28/2026,4/29/2026,24,System Issue,No
EX00442,TRD100245,Position Break,Low,P3,In Progress,Karan,4/25/2026,4/27/2026,,Wrong Counterparty,No
EX00443,TRD100885,Late Confirmation,Medium,P2,Resolved,Riya,6/8/2026,6/10/2026,12,Manual Error,No
EX00444,TRD100885,FX Rate Mismatch,Medium,P2,In Progress,Neha,6/7/2026,6/8/2026,,Incorrect Trade Date,No
EX00445,TRD100860,FX Rate Mismatch,High,P1,In Progress,Sneha,5/12/2026,5/14/2026,,Price Difference,Yes
EX00446,TRD100860,Position Break,High,P1,In Progress,Sneha,5/15/2026,5/17/2026,,Price Difference,Yes
EX00447,TRD100135,FX Rate Mismatch,Medium,P2,In Progress,Arjun,4/14/2026,4/17/2026,,Manual Error,No
EX00448,TRD100135,Position Break,Medium,P2,Resolved,Priya,4/12/2026,4/17/2026,36,Late Confirmation,No
EX00449,TRD100308,Settlement Failure,Low,P3,Resolved,Ankit,1/28/2026,1/30/2026,48,Manual Error,No
EX00450,TRD100308,Cash Break,Medium,P2,In Progress,Karan,1/28/2026,1/30/2026,,Late Confirmation,No
EX00451,TRD100469,Trade Capture Error,Medium,P2,In Progress,Arjun,4/2/2026,4/3/2026,,Broker Error,No
EX00452,TRD100469,Cash Break,Medium,P2,Resolved,Arjun,3/30/2026,4/4/2026,24,Trade Amendment,No
EX00453,TRD100952,Position Break,Low,P3,Resolved,Rahul,6/20/2026,6/21/2026,8,Trade Amendment,No
EX00454,TRD100952,Trade Capture Error,Low,P3,Open,Ankit,6/22/2026,6/22/2026,,System Issue,No
EX00455,TRD100075,FX Rate Mismatch,Medium,P2,Open,Priya,6/8/2026,6/8/2026,,Trade Amendment,No
EX00456,TRD100075,Booking Error,Medium,P2,Resolved,Riya,6/2/2026,6/5/2026,24,Holiday Calendar,No
EX00457,TRD100010,Broker Mismatch,Low,P3,Resolved,Riya,2/9/2026,2/12/2026,12,Wrong Counterparty,No
EX00458,TRD100010,Late Confirmation,High,P1,Open,Neha,2/16/2026,2/17/2026,,System Issue,Yes
EX00459,TRD100858,Booking Error,Medium,P2,Resolved,Neha,3/8/2026,3/11/2026,8,System Issue,No
EX00460,TRD100858,Late Confirmation,High,P1,Open,Riya,3/6/2026,3/6/2026,,Incorrect Trade Date,No
EX00461,TRD100577,Booking Error,Medium,P2,Open,Neha,4/15/2026,4/16/2026,,Holiday Calendar,No
EX00462,TRD100577,Late Confirmation,Medium,P2,Open,Ankit,4/14/2026,4/16/2026,,Incorrect Trade Date,No
EX00463,TRD100103,Cash Break,Low,P3,Resolved,Neha,1/27/2026,1/31/2026,36,Trade Amendment,No
EX00464,TRD100103,Confirmation Mismatch,Low,P3,In Progress,Karan,1/21/2026,1/23/2026,,Trade Amendment,No
EX00465,TRD100076,Cash Break,Low,P3,Open,Sneha,5/27/2026,5/27/2026,,Price Difference,No
EX00466,TRD100076,Cash Break,Medium,P2,Open,Arjun,5/23/2026,5/24/2026,,System Issue,No
EX00467,TRD100551,Late Confirmation,Medium,P2,Resolved,Sneha,5/19/2026,5/20/2026,12,Broker Error,No
EX00468,TRD100551,Broker Mismatch,Low,P3,Open,Neha,5/28/2026,5/29/2026,,Holiday Calendar,No
EX00469,TRD100663,Late Confirmation,High,P1,In Progress,Karan,2/27/2026,2/28/2026,,Trade Amendment,Yes
EX00470,TRD100663,Cash Break,Medium,P2,Open,Priya,2/26/2026,2/27/2026,,Incorrect Trade Date,No
EX00471,TRD100519,Late Confirmation,Medium,P2,Resolved,Priya,3/16/2026,3/18/2026,4,Broker Error,No
EX00472,TRD100519,Position Break,Low,P3,Open,Riya,3/14/2026,3/16/2026,,Holiday Calendar,No
EX00473,TRD100621,Trade Capture Error,Medium,P2,Resolved,Arjun,4/11/2026,4/16/2026,2,Manual Error,No
EX00474,TRD100621,Settlement Failure,Low,P3,Open,Rahul,4/19/2026,4/19/2026,,Price Difference,No
EX00475,TRD100713,Confirmation Mismatch,Medium,P2,In Progress,Riya,1/22/2026,1/23/2026,,Late Confirmation,No
EX00476,TRD100713,FX Rate Mismatch,Medium,P2,Resolved,Arjun,1/18/2026,1/21/2026,8,Holiday Calendar,No
EX00477,TRD100358,Cash Break,Low,P3,In Progress,Ankit,6/21/2026,6/23/2026,,Trade Amendment,No
EX00478,TRD100358,Trade Capture Error,Low,P3,In Progress,Ankit,6/22/2026,6/23/2026,,Trade Amendment,No
EX00479,TRD100630,Cash Break,Medium,P2,Resolved,Rahul,1/28/2026,1/29/2026,4,Holiday Calendar,No
EX00480,TRD100630,Late Confirmation,Low,P3,Resolved,Rahul,1/28/2026,1/29/2026,24,SSI Missing,No
EX00481,TRD100890,Position Break,Medium,P2,Resolved,Sneha,4/6/2026,4/10/2026,12,Late Confirmation,No
EX00482,TRD100890,Settlement Failure,Medium,P2,Open,Neha,4/8/2026,4/10/2026,,Holiday Calendar,No
EX00483,TRD100379,Late Confirmation,Medium,P2,Open,Priya,4/28/2026,4/30/2026,,Holiday Calendar,No
EX00484,TRD100379,Confirmation Mismatch,Low,P3,Resolved,Sneha,5/3/2026,5/6/2026,2,Broker Error,No
EX00485,TRD100292,Trade Capture Error,High,P1,Resolved,Arjun,6/10/2026,6/15/2026,48,Holiday Calendar,No
EX00486,TRD100292,Cash Break,Medium,P2,Resolved,Ankit,6/13/2026,6/17/2026,4,Manual Error,No
EX00487,TRD100635,FX Rate Mismatch,High,P1,Resolved,Priya,3/5/2026,3/10/2026,48,SSI Missing,No
EX00488,TRD100635,FX Rate Mismatch,Low,P3,Resolved,Neha,3/5/2026,3/7/2026,8,System Issue,No
EX00489,TRD100744,Booking Error,Medium,P2,Resolved,Arjun,6/5/2026,6/6/2026,48,Incorrect Trade Date,No
EX00490,TRD100744,SSI Missing,Medium,P2,Resolved,Arjun,6/3/2026,6/5/2026,2,Incorrect Trade Date,No
EX00491,TRD100557,Confirmation Mismatch,Low,P3,In Progress,Arjun,2/4/2026,2/7/2026,,Incorrect Trade Date,No
EX00492,TRD100557,FX Rate Mismatch,High,P1,Resolved,Riya,2/7/2026,2/11/2026,8,Trade Amendment,No
EX00493,TRD100557,Late Confirmation,High,P1,Open,Karan,1/31/2026,1/31/2026,,Wrong Counterparty,Yes
EX00494,TRD100310,Late Confirmation,Medium,P2,Resolved,Rahul,1/22/2026,1/25/2026,48,Trade Amendment,No
EX00495,TRD100310,Confirmation Mismatch,Medium,P2,Resolved,Neha,1/22/2026,1/23/2026,12,Incorrect Trade Date,No
EX00496,TRD100310,Late Confirmation,High,P1,In Progress,Ankit,1/24/2026,1/27/2026,,Incorrect Trade Date,Yes
EX00497,TRD100823,Position Break,Medium,P2,Open,Ankit,5/31/2026,5/31/2026,,Broker Error,No
EX00498,TRD100823,Broker Mismatch,Medium,P2,Open,Rahul,5/28/2026,5/28/2026,,Manual Error,No
EX00499,TRD100823,SSI Missing,Medium,P2,Resolved,Sneha,5/29/2026,6/2/2026,48,Broker Error,No
EX00500,TRD100009,Trade Capture Error,Medium,P2,Resolved,Riya,6/9/2026,6/14/2026,2,Holiday Calendar,No
EX00501,TRD100009,FX Rate Mismatch,Low,P3,Resolved,Sneha,6/12/2026,6/17/2026,48,Broker Error,No
EX00502,TRD100009,Confirmation Mismatch,Medium,P2,Resolved,Riya,6/12/2026,6/13/2026,36,Holiday Calendar,No
EX00503,TRD100973,Booking Error,High,P1,Open,Ankit,4/27/2026,4/29/2026,,Broker Error,No
EX00504,TRD100973,FX Rate Mismatch,Low,P3,Resolved,Arjun,4/26/2026,4/28/2026,48,Late Confirmation,No
EX00505,TRD100973,FX Rate Mismatch,Low,P3,Open,Sneha,5/6/2026,5/7/2026,,SSI Missing,No
EX00506,TRD100307,Broker Mismatch,Low,P3,Resolved,Arjun,1/24/2026,1/27/2026,8,SSI Missing,No
EX00507,TRD100307,Confirmation Mismatch,High,P1,Resolved,Neha,1/21/2026,1/25/2026,48,Wrong Counterparty,No
EX00508,TRD100307,Trade Capture Error,High,P1,Resolved,Arjun,1/25/2026,1/29/2026,4,SSI Missing,No
EX00509,TRD100107,Confirmation Mismatch,Low,P3,Resolved,Karan,5/21/2026,5/26/2026,48,Broker Error,No
EX00510,TRD100107,Settlement Failure,Medium,P2,In Progress,Rahul,5/13/2026,5/15/2026,,Late Confirmation,No
EX00511,TRD100107,SSI Missing,Low,P3,In Progress,Priya,5/18/2026,5/21/2026,,Trade Amendment,No
EX00512,TRD100138,Position Break,High,P1,Open,Riya,4/30/2026,5/1/2026,,Wrong Counterparty,Yes
EX00513,TRD100138,Cash Break,Low,P3,Open,Neha,4/25/2026,4/26/2026,,Broker Error,No
EX00514,TRD100138,Booking Error,Low,P3,Resolved,Arjun,4/30/2026,5/5/2026,36,Late Confirmation,No
EX00515,TRD100942,Cash Break,Medium,P2,Resolved,Priya,7/3/2026,7/6/2026,36,Trade Amendment,No
EX00516,TRD100942,Confirmation Mismatch,Medium,P2,Open,Arjun,6/29/2026,7/1/2026,,Late Confirmation,No
EX00517,TRD100942,Position Break,Medium,P2,Open,Neha,7/4/2026,7/6/2026,,Holiday Calendar,No
EX00518,TRD100119,SSI Missing,Low,P3,Open,Rahul,3/31/2026,4/1/2026,,Manual Error,No
EX00519,TRD100119,SSI Missing,High,P1,Open,Rahul,4/2/2026,4/3/2026,,System Issue,Yes
EX00520,TRD100119,Confirmation Mismatch,Medium,P2,Open,Ankit,4/5/2026,4/6/2026,,Late Confirmation,No
