Settlement_ID,Trade_ID,Settlement_Date,Settlement_Status,Settlement_Amount,Settlement_Currency,Payment_Method,Settlement_Failure_Reason
SET100001,TRD100001,2026-06-06,Settled,3360081.16,USD,RTGS,
SET100002,TRD100002,2026-02-05,Cancelled,3418542.07,GBP,SWIFT,
SET100003,TRD100003,2026-05-31,Settled,2038834.13,USD,Custodian,
SET100004,TRD100004,2026-06-10,Settled,2903365.58,GBP,CLS,
SET100005,TRD100005,2026-01-09,Cancelled,3358221.19,USD,Custodian,
SET100006,TRD100006,2026-06-02,Cancelled,1189307.98,GBP,SWIFT,
SET100007,TRD100007,2026-06-18,Settled,349442.74,EUR,Internal Transfer,
SET100008,TRD100008,2026-04-28,Settled,1123633.54,GBP,Custodian,
SET100009,TRD100009,2026-06-08,Pending,582160.11,USD,SWIFT,SSI Missing
SET100010,TRD100010,2026-02-09,Settled,659980.53,USD,SWIFT,
SET100011,TRD100011,2026-02-28,Cancelled,3616758.89,GBP,Internal Transfer,
SET100012,TRD100012,2026-02-06,Settled,1879468.99,USD,SWIFT,
SET100013,TRD100013,2026-06-16,Settled,3105242.97,GBP,RTGS,
SET100014,TRD100014,2026-03-14,Pending,649856.27,USD,Internal Transfer,Incorrect Settlement Instruction
SET100015,TRD100015,2026-04-26,Cancelled,4811331.58,USD,Custodian,
SET100016,TRD100016,2026-03-25,Settled,3098718.2,USD,Internal Transfer,
SET100017,TRD100017,2026-04-04,Failed,2119753.35,GBP,Internal Transfer,Incorrect Settlement Instruction
SET100018,TRD100018,2026-04-06,Settled,4915407.73,USD,RTGS,
SET100019,TRD100019,2026-02-13,Settled,4138314.62,USD,CLS,
SET100020,TRD100020,2026-02-09,Pending,4749207.8,GBP,Custodian,Holiday Calendar
SET100021,TRD100021,2026-03-05,Pending,887993.72,USD,RTGS,Payment Mismatch
SET100022,TRD100022,2026-06-26,Settled,3701860.14,USD,RTGS,
SET100023,TRD100023,2026-05-07,Pending,4958976.66,USD,CLS,SSI Missing
SET100024,TRD100024,2026-03-09,Settled,1340786.32,USD,Custodian,
SET100025,TRD100025,2026-03-29,Settled,3905117.16,USD,CLS,
SET100026,TRD100026,2026-03-09,Cancelled,3459168.73,USD,SWIFT,
SET100027,TRD100027,2026-04-06,Settled,2753586.53,USD,RTGS,
SET100028,TRD100028,2026-05-27,Settled,2099603.75,USD,Internal Transfer,
SET100029,TRD100029,2026-01-18,Settled,3975634.48,USD,CLS,
SET100030,TRD100030,2026-04-16,Pending,1373457.14,USD,SWIFT,Holiday Calendar
SET100031,TRD100031,2026-01-20,Settled,384310.62,USD,CLS,
SET100032,TRD100032,2026-05-30,Settled,3329098.95,GBP,Custodian,
SET100033,TRD100033,2026-05-31,Pending,3824942.53,EUR,RTGS,Holiday Calendar
SET100034,TRD100034,2026-06-09,Pending,1726734.75,EUR,Internal Transfer,SSI Missing
SET100035,TRD100035,2026-06-06,Pending,2102836.85,GBP,RTGS,SSI Missing
SET100036,TRD100036,2026-02-01,Pending,2406751.53,USD,SWIFT,Holiday Calendar
SET100037,TRD100037,2026-01-06,Settled,1860901.49,USD,RTGS,
SET100038,TRD100038,2026-04-18,Settled,760434.88,USD,Custodian,
SET100039,TRD100039,2026-05-19,Settled,813839.15,USD,Internal Transfer,
SET100040,TRD100040,2026-02-02,Settled,1205452.41,USD,SWIFT,
SET100041,TRD100041,2026-04-01,Settled,964369.99,USD,CLS,
SET100042,TRD100042,2026-06-01,Pending,600109.45,USD,CLS,Incorrect Settlement Instruction
SET100043,TRD100043,2026-06-03,Settled,430904.29,GBP,SWIFT,
SET100044,TRD100044,2026-02-25,Settled,3121779.75,EUR,Internal Transfer,
SET100045,TRD100045,2026-03-20,Settled,2396487.82,GBP,CLS,
SET100046,TRD100046,2026-03-17,Settled,2058785.89,USD,Custodian,
SET100047,TRD100047,2026-03-03,Settled,857055.64,GBP,Internal Transfer,
SET100048,TRD100048,2026-04-04,Pending,4658069.59,USD,CLS,Incorrect Settlement Instruction
SET100049,TRD100049,2026-03-13,Pending,4529812.44,GBP,CLS,SSI Missing
SET100050,TRD100050,2026-05-20,Settled,2298189.3,USD,Custodian,
SET100051,TRD100051,2026-01-19,Settled,2201371.24,USD,RTGS,
SET100052,TRD100052,2026-05-19,Settled,797821.02,GBP,SWIFT,
SET100053,TRD100053,2026-05-07,Settled,4424761.06,USD,Internal Transfer,
SET100054,TRD100054,2026-04-09,Settled,1152323.97,EUR,Custodian,
SET100055,TRD100055,2026-05-13,Cancelled,1033610.29,USD,Custodian,
SET100056,TRD100056,2026-05-10,Pending,3991297.23,USD,SWIFT,Counterparty Delay
SET100057,TRD100057,2026-06-11,Settled,2873361.69,USD,CLS,
SET100058,TRD100058,2026-03-19,Settled,4873050.37,USD,Custodian,
SET100059,TRD100059,2026-05-02,Cancelled,370582.0,USD,Internal Transfer,
SET100060,TRD100060,2026-04-26,Settled,2594973.1,USD,Internal Transfer,
SET100061,TRD100061,2026-06-03,Settled,3324781.26,USD,SWIFT,
SET100062,TRD100062,2026-04-15,Settled,4934380.26,USD,CLS,
SET100063,TRD100063,2026-02-27,Cancelled,4906131.17,USD,SWIFT,
SET100064,TRD100064,2026-03-09,Settled,4559208.76,USD,CLS,
SET100065,TRD100065,2026-04-22,Cancelled,2815232.34,USD,RTGS,
SET100066,TRD100066,2026-06-21,Settled,131454.25,GBP,SWIFT,
SET100067,TRD100067,2026-02-26,Pending,1438655.98,EUR,RTGS,Payment Mismatch
SET100068,TRD100068,2026-01-10,Settled,1713399.58,USD,CLS,
SET100069,TRD100069,2026-04-27,Settled,2032238.33,USD,Internal Transfer,
SET100070,TRD100070,2026-02-14,Settled,4500450.07,USD,Internal Transfer,
SET100071,TRD100071,2026-02-21,Cancelled,1410421.72,USD,Custodian,
SET100072,TRD100072,2026-04-10,Pending,2670424.77,USD,SWIFT,Incorrect Settlement Instruction
SET100073,TRD100073,2026-05-20,Settled,2256295.89,USD,Custodian,
SET100074,TRD100074,2026-04-13,Cancelled,3909648.48,GBP,Custodian,
SET100075,TRD100075,2026-05-31,Settled,1046781.38,USD,RTGS,
SET100076,TRD100076,2026-05-21,Cancelled,4624798.68,EUR,CLS,
SET100077,TRD100077,2026-06-28,Settled,4608248.6,USD,SWIFT,
SET100078,TRD100078,2026-01-12,Settled,2854313.36,USD,Custodian,
SET100079,TRD100079,2026-06-20,Settled,4134578.06,USD,RTGS,
SET100080,TRD100080,2026-05-21,Settled,1295073.8,EUR,Custodian,
SET100081,TRD100081,2026-02-04,Settled,249575.73,USD,Internal Transfer,
SET100082,TRD100082,2026-05-08,Cancelled,1640130.11,USD,RTGS,
SET100083,TRD100083,2026-04-25,Settled,2853777.82,USD,Custodian,
SET100084,TRD100084,2026-04-04,Settled,1552928.99,USD,Custodian,
SET100085,TRD100085,2026-02-14,Settled,4071801.81,USD,Custodian,
SET100086,TRD100086,2026-01-13,Settled,4619457.84,USD,Custodian,
SET100087,TRD100087,2026-06-09,Settled,1209904.62,GBP,RTGS,
SET100088,TRD100088,2026-02-15,Cancelled,3539367.51,EUR,Custodian,
SET100089,TRD100089,2026-04-04,Settled,154182.09,EUR,CLS,
SET100090,TRD100090,2026-06-26,Settled,2036317.9,USD,RTGS,
SET100091,TRD100091,2026-01-08,Settled,4589718.08,EUR,Internal Transfer,
SET100092,TRD100092,2026-02-10,Settled,2764554.69,EUR,Internal Transfer,
SET100093,TRD100093,2026-06-25,Settled,3557052.46,USD,Custodian,
SET100094,TRD100094,2026-06-12,Settled,586152.55,USD,SWIFT,
SET100095,TRD100095,2026-06-14,Pending,1312335.04,USD,Custodian,Payment Mismatch
SET100096,TRD100096,2026-01-23,Cancelled,732726.3,EUR,SWIFT,
SET100097,TRD100097,2026-04-20,Settled,2955488.55,GBP,CLS,
SET100098,TRD100098,2026-03-02,Failed,151274.29,USD,Custodian,Counterparty Delay
SET100099,TRD100099,2026-04-17,Settled,3695387.19,USD,Custodian,
SET100100,TRD100100,2026-03-30,Cancelled,2188109.47,USD,SWIFT,
SET100101,TRD100101,2026-02-12,Settled,4337911.8,EUR,CLS,
SET100102,TRD100102,2026-04-29,Settled,404143.3,USD,CLS,
SET100103,TRD100103,2026-01-22,Settled,1982499.32,USD,CLS,
SET100104,TRD100104,2026-05-07,Settled,4087151.63,GBP,RTGS,
SET100105,TRD100105,2026-02-13,Settled,2298153.63,USD,SWIFT,
SET100106,TRD100106,2026-03-30,Settled,4760342.6,GBP,Internal Transfer,
SET100107,TRD100107,2026-05-14,Pending,3281061.72,USD,Internal Transfer,Insufficient Funds
SET100108,TRD100108,2026-01-29,Settled,332768.73,USD,RTGS,
SET100109,TRD100109,2026-01-30,Settled,181493.27,GBP,RTGS,
SET100110,TRD100110,2026-03-24,Settled,1528018.69,GBP,RTGS,
SET100111,TRD100111,2026-03-11,Cancelled,1473260.47,GBP,Custodian,
SET100112,TRD100112,2026-04-16,Settled,3965759.01,EUR,CLS,
SET100113,TRD100113,2026-03-19,Failed,3201542.85,GBP,CLS,SSI Missing
SET100114,TRD100114,2026-04-22,Settled,2119332.39,USD,SWIFT,
SET100115,TRD100115,2026-05-09,Settled,862775.06,USD,Custodian,
SET100116,TRD100116,2026-06-28,Settled,4161569.78,USD,CLS,
SET100117,TRD100117,2026-04-09,Settled,2103211.66,USD,RTGS,
SET100118,TRD100118,2026-03-12,Cancelled,1736129.66,EUR,CLS,
SET100119,TRD100119,2026-04-02,Settled,2852495.06,USD,Custodian,
SET100120,TRD100120,2026-01-24,Cancelled,555517.1,EUR,Custodian,
SET100121,TRD100121,2026-06-18,Cancelled,3998514.85,USD,RTGS,
SET100122,TRD100122,2026-03-27,Settled,4669561.34,USD,RTGS,
SET100123,TRD100123,2026-06-18,Settled,1340648.76,USD,RTGS,
SET100124,TRD100124,2026-04-09,Settled,2937171.45,USD,RTGS,
SET100125,TRD100125,2026-03-22,Settled,2899249.86,EUR,RTGS,
SET100126,TRD100126,2026-04-18,Pending,1232343.6,EUR,CLS,SSI Missing
SET100127,TRD100127,2026-05-17,Cancelled,3530121.54,USD,Custodian,
SET100128,TRD100128,2026-03-18,Settled,516465.87,GBP,RTGS,
SET100129,TRD100129,2026-05-13,Settled,3889539.2,USD,Custodian,
SET100130,TRD100130,2026-05-20,Settled,4203508.26,EUR,SWIFT,
SET100131,TRD100131,2026-02-01,Settled,586929.96,USD,SWIFT,
SET100132,TRD100132,2026-02-24,Settled,4147120.05,EUR,SWIFT,
SET100133,TRD100133,2026-01-13,Settled,4620056.34,USD,RTGS,
SET100134,TRD100134,2026-02-24,Settled,1860945.18,USD,RTGS,
SET100135,TRD100135,2026-04-09,Cancelled,1227129.4,USD,SWIFT,
SET100136,TRD100136,2026-06-10,Cancelled,4264266.87,EUR,SWIFT,
SET100137,TRD100137,2026-02-28,Pending,2085998.38,USD,CLS,Insufficient Funds
SET100138,TRD100138,2026-04-23,Settled,3113587.2,USD,CLS,
SET100139,TRD100139,2026-04-24,Settled,2592932.34,USD,SWIFT,
SET100140,TRD100140,2026-06-19,Pending,2356453.37,GBP,SWIFT,Incorrect Settlement Instruction
SET100141,TRD100141,2026-03-30,Cancelled,1968195.14,USD,Custodian,
SET100142,TRD100142,2026-05-14,Cancelled,1683796.28,USD,CLS,
SET100143,TRD100143,2026-06-07,Settled,3458619.66,GBP,RTGS,
SET100144,TRD100144,2026-02-19,Settled,3060443.99,USD,SWIFT,
SET100145,TRD100145,2026-03-12,Pending,4574391.21,EUR,RTGS,Counterparty Delay
SET100146,TRD100146,2026-02-04,Settled,3464693.67,EUR,SWIFT,
SET100147,TRD100147,2026-04-29,Settled,3629768.12,USD,SWIFT,
SET100148,TRD100148,2026-04-07,Cancelled,878695.37,GBP,CLS,
SET100149,TRD100149,2026-04-14,Cancelled,3001941.04,USD,Internal Transfer,
SET100150,TRD100150,2026-03-08,Cancelled,2435001.19,USD,Internal Transfer,
SET100151,TRD100151,2026-01-31,Settled,1120912.74,EUR,Internal Transfer,
SET100152,TRD100152,2026-02-21,Settled,4854021.01,EUR,CLS,
SET100153,TRD100153,2026-06-26,Settled,2214853.52,USD,Internal Transfer,
SET100154,TRD100154,2026-04-21,Settled,2916970.44,USD,SWIFT,
SET100155,TRD100155,2026-03-29,Settled,1493324.95,GBP,SWIFT,
SET100156,TRD100156,2026-05-04,Settled,3067875.51,GBP,RTGS,
SET100157,TRD100157,2026-04-13,Settled,2645842.84,EUR,Custodian,
SET100158,TRD100158,2026-03-15,Settled,2112752.55,GBP,Internal Transfer,
SET100159,TRD100159,2026-03-13,Pending,247137.12,USD,SWIFT,Holiday Calendar
SET100160,TRD100160,2026-06-21,Settled,3181326.72,USD,Custodian,
SET100161,TRD100161,2026-06-26,Pending,3149921.45,USD,Internal Transfer,Counterparty Delay
SET100162,TRD100162,2026-06-30,Settled,3207621.33,GBP,SWIFT,
SET100163,TRD100163,2026-02-13,Failed,1227322.77,USD,CLS,Incorrect Settlement Instruction
SET100164,TRD100164,2026-05-12,Settled,403185.46,USD,SWIFT,
SET100165,TRD100165,2026-02-16,Pending,2773175.76,EUR,SWIFT,Payment Mismatch
SET100166,TRD100166,2026-02-17,Cancelled,782822.97,USD,SWIFT,
SET100167,TRD100167,2026-02-15,Settled,4602757.03,EUR,Custodian,
SET100168,TRD100168,2026-02-26,Settled,2672396.42,EUR,RTGS,
SET100169,TRD100169,2026-01-03,Settled,3851426.06,EUR,Internal Transfer,
SET100170,TRD100170,2026-05-03,Pending,1081004.1,EUR,Internal Transfer,Incorrect Settlement Instruction
SET100171,TRD100171,2026-06-19,Settled,3432659.76,USD,Custodian,
SET100172,TRD100172,2026-05-21,Settled,108866.71,GBP,Custodian,
SET100173,TRD100173,2026-04-30,Settled,3358741.73,USD,SWIFT,
SET100174,TRD100174,2026-05-07,Settled,370373.28,USD,Internal Transfer,
SET100175,TRD100175,2026-05-14,Settled,4700600.23,GBP,RTGS,
SET100176,TRD100176,2026-01-27,Cancelled,3589738.31,USD,Custodian,
SET100177,TRD100177,2026-03-21,Settled,2652528.51,EUR,CLS,
SET100178,TRD100178,2026-07-02,Pending,2462106.65,USD,CLS,Insufficient Funds
SET100179,TRD100179,2026-03-09,Cancelled,576344.79,USD,CLS,
SET100180,TRD100180,2026-01-17,Pending,1898114.36,USD,RTGS,Counterparty Delay
SET100181,TRD100181,2026-01-31,Settled,177569.64,USD,RTGS,
SET100182,TRD100182,2026-03-16,Settled,2299433.59,GBP,SWIFT,
SET100183,TRD100183,2026-02-28,Settled,2141633.34,USD,RTGS,
SET100184,TRD100184,2026-03-11,Settled,1126632.08,USD,Internal Transfer,
SET100185,TRD100185,2026-05-21,Settled,1091825.61,GBP,Custodian,
SET100186,TRD100186,2026-04-23,Settled,2388002.95,GBP,Custodian,
SET100187,TRD100187,2026-04-05,Pending,3463565.27,EUR,Custodian,Counterparty Delay
SET100188,TRD100188,2026-04-26,Settled,2455259.26,USD,RTGS,
SET100189,TRD100189,2026-03-26,Settled,3961862.45,USD,CLS,
SET100190,TRD100190,2026-06-22,Settled,1231945.72,EUR,Internal Transfer,
SET100191,TRD100191,2026-01-15,Settled,118110.63,GBP,SWIFT,
SET100192,TRD100192,2026-03-18,Settled,4140948.38,USD,CLS,
SET100193,TRD100193,2026-06-14,Cancelled,3544814.27,USD,RTGS,
SET100194,TRD100194,2026-01-22,Settled,3488084.49,GBP,Custodian,
SET100195,TRD100195,2026-02-20,Settled,4393465.98,USD,CLS,
SET100196,TRD100196,2026-06-28,Settled,1003482.35,EUR,Internal Transfer,
SET100197,TRD100197,2026-02-13,Cancelled,365109.47,USD,CLS,
SET100198,TRD100198,2026-01-04,Settled,1988746.76,USD,Internal Transfer,
SET100199,TRD100199,2026-03-28,Pending,819100.18,EUR,RTGS,SSI Missing
SET100200,TRD100200,2026-06-01,Settled,1158420.07,USD,Internal Transfer,
SET100201,TRD100201,2026-04-03,Cancelled,2045006.39,GBP,CLS,
SET100202,TRD100202,2026-01-19,Settled,4831911.75,USD,RTGS,
SET100203,TRD100203,2026-05-19,Cancelled,486190.59,EUR,SWIFT,
SET100204,TRD100204,2026-01-16,Settled,441095.44,USD,CLS,
SET100205,TRD100205,2026-05-03,Settled,1392604.85,USD,Custodian,
SET100206,TRD100206,2026-01-20,Settled,3995753.69,GBP,Custodian,
SET100207,TRD100207,2026-05-14,Pending,3700127.67,EUR,Internal Transfer,Insufficient Funds
SET100208,TRD100208,2026-06-01,Settled,2290836.05,GBP,Internal Transfer,
SET100209,TRD100209,2026-03-31,Pending,334086.28,USD,Internal Transfer,SSI Missing
SET100210,TRD100210,2026-05-30,Cancelled,1903828.4,USD,Internal Transfer,
SET100211,TRD100211,2026-05-30,Failed,4997424.03,GBP,SWIFT,Payment Mismatch
SET100212,TRD100212,2026-06-19,Settled,3829860.69,USD,CLS,
SET100213,TRD100213,2026-05-05,Settled,2488445.99,USD,Internal Transfer,
SET100214,TRD100214,2026-03-11,Settled,3930569.77,GBP,Custodian,
SET100215,TRD100215,2026-04-06,Settled,2696445.84,USD,Custodian,
SET100216,TRD100216,2026-01-16,Settled,3528125.55,USD,Internal Transfer,
SET100217,TRD100217,2026-01-27,Cancelled,1983873.3,EUR,Custodian,
SET100218,TRD100218,2026-03-26,Cancelled,4188506.51,USD,Custodian,
SET100219,TRD100219,2026-06-13,Cancelled,5008646.27,USD,RTGS,
SET100220,TRD100220,2026-01-14,Cancelled,4895920.19,USD,CLS,
SET100221,TRD100221,2026-01-30,Settled,4344945.64,USD,Internal Transfer,
SET100222,TRD100222,2026-06-15,Settled,425402.08,USD,RTGS,
SET100223,TRD100223,2026-02-19,Settled,3752997.57,USD,SWIFT,
SET100224,TRD100224,2026-02-12,Settled,994968.76,USD,CLS,
SET100225,TRD100225,2026-05-28,Pending,3932284.34,GBP,Custodian,Holiday Calendar
SET100226,TRD100226,2026-05-07,Settled,2778681.33,USD,RTGS,
SET100227,TRD100227,2026-01-08,Settled,432463.72,USD,Custodian,
SET100228,TRD100228,2026-05-21,Settled,697377.47,EUR,CLS,
SET100229,TRD100229,2026-02-18,Cancelled,3646515.66,GBP,SWIFT,
SET100230,TRD100230,2026-03-21,Settled,2068739.38,GBP,CLS,
SET100231,TRD100231,2026-04-04,Settled,4225583.16,USD,CLS,
SET100232,TRD100232,2026-03-22,Settled,3545691.71,EUR,CLS,
SET100233,TRD100233,2026-03-31,Settled,1305558.06,EUR,CLS,
SET100234,TRD100234,2026-01-24,Settled,3007054.62,USD,Internal Transfer,
SET100235,TRD100235,2026-01-23,Settled,3147735.55,USD,RTGS,
SET100236,TRD100236,2026-02-15,Cancelled,669925.9,USD,RTGS,
SET100237,TRD100237,2026-04-25,Settled,3484486.72,USD,Internal Transfer,
SET100238,TRD100238,2026-05-10,Settled,4391707.78,GBP,SWIFT,
SET100239,TRD100239,2026-05-29,Settled,1399991.02,USD,RTGS,
SET100240,TRD100240,2026-02-07,Settled,3253295.92,USD,RTGS,
SET100241,TRD100241,2026-01-16,Pending,3489547.04,USD,RTGS,Counterparty Delay
SET100242,TRD100242,2026-02-18,Failed,1818157.67,USD,Custodian,SSI Missing
SET100243,TRD100243,2026-04-15,Cancelled,2636269.98,USD,CLS,
SET100244,TRD100244,2026-04-07,Cancelled,878593.27,USD,Internal Transfer,
SET100245,TRD100245,2026-04-21,Settled,3253716.19,USD,Internal Transfer,
SET100246,TRD100246,2026-04-27,Settled,4628950.13,USD,CLS,
SET100247,TRD100247,2026-06-14,Settled,823011.06,GBP,RTGS,
SET100248,TRD100248,2026-06-18,Pending,1246220.73,USD,RTGS,Holiday Calendar
SET100249,TRD100249,2026-04-29,Settled,1750358.19,USD,Custodian,
SET100250,TRD100250,2026-04-30,Settled,961163.44,USD,Custodian,
SET100251,TRD100251,2026-05-11,Settled,3664540.61,GBP,SWIFT,
SET100252,TRD100252,2026-05-02,Pending,3708990.91,GBP,SWIFT,SSI Missing
SET100253,TRD100253,2026-03-18,Settled,2089579.73,USD,Internal Transfer,
SET100254,TRD100254,2026-05-15,Settled,4305782.18,USD,Internal Transfer,
SET100255,TRD100255,2026-03-02,Failed,3039490.2,USD,SWIFT,Holiday Calendar
SET100256,TRD100256,2026-06-17,Cancelled,378768.54,USD,CLS,
SET100257,TRD100257,2026-01-07,Failed,2850183.11,USD,RTGS,Incorrect Settlement Instruction
SET100258,TRD100258,2026-05-24,Cancelled,509017.98,GBP,Custodian,
SET100259,TRD100259,2026-01-23,Settled,3511733.56,EUR,SWIFT,
SET100260,TRD100260,2026-02-03,Settled,3739812.57,GBP,SWIFT,
SET100261,TRD100261,2026-01-04,Cancelled,1114098.92,USD,SWIFT,
SET100262,TRD100262,2026-05-21,Settled,4753613.36,USD,RTGS,
SET100263,TRD100263,2026-05-12,Settled,2730586.38,USD,RTGS,
SET100264,TRD100264,2026-07-03,Settled,3386833.93,EUR,SWIFT,
SET100265,TRD100265,2026-05-11,Settled,4794384.4,USD,Internal Transfer,
SET100266,TRD100266,2026-01-13,Settled,790861.31,USD,Custodian,
SET100267,TRD100267,2026-01-30,Settled,1808712.79,USD,Custodian,
SET100268,TRD100268,2026-04-16,Cancelled,4686684.78,EUR,SWIFT,
SET100269,TRD100269,2026-04-30,Settled,1204063.91,GBP,Custodian,
SET100270,TRD100270,2026-05-02,Settled,508295.59,USD,Custodian,
SET100271,TRD100271,2026-05-07,Settled,658403.31,EUR,CLS,
SET100272,TRD100272,2026-02-08,Settled,3749608.95,USD,Custodian,
SET100273,TRD100273,2026-01-11,Settled,1668429.14,USD,SWIFT,
SET100274,TRD100274,2026-02-25,Failed,4492370.26,USD,CLS,Insufficient Funds
SET100275,TRD100275,2026-01-14,Pending,622819.99,EUR,Internal Transfer,Holiday Calendar
SET100276,TRD100276,2026-03-25,Settled,4985518.35,USD,CLS,
SET100277,TRD100277,2026-06-20,Settled,2940863.93,USD,Custodian,
SET100278,TRD100278,2026-02-24,Settled,4594412.25,USD,RTGS,
SET100279,TRD100279,2026-04-09,Cancelled,4946253.23,USD,Custodian,
SET100280,TRD100280,2026-06-04,Cancelled,4902542.42,GBP,RTGS,
SET100281,TRD100281,2026-06-18,Pending,3254153.13,USD,Custodian,Payment Mismatch
SET100282,TRD100282,2026-02-05,Failed,4046638.95,EUR,Internal Transfer,Payment Mismatch
SET100283,TRD100283,2026-01-30,Pending,4379676.67,USD,CLS,SSI Missing
SET100284,TRD100284,2026-01-19,Pending,2615250.67,USD,RTGS,Payment Mismatch
SET100285,TRD100285,2026-03-12,Settled,4836625.74,USD,Internal Transfer,
SET100286,TRD100286,2026-05-31,Settled,1211849.75,GBP,CLS,
SET100287,TRD100287,2026-02-23,Settled,1326288.18,GBP,RTGS,
SET100288,TRD100288,2026-06-22,Cancelled,1943420.62,USD,Internal Transfer,
SET100289,TRD100289,2026-04-29,Settled,3903761.2,EUR,Custodian,
SET100290,TRD100290,2026-05-01,Settled,965927.18,USD,CLS,
SET100291,TRD100291,2026-05-18,Settled,657601.55,USD,Internal Transfer,
SET100292,TRD100292,2026-06-07,Settled,1221311.8,USD,Custodian,
SET100293,TRD100293,2026-02-25,Settled,1216039.94,USD,RTGS,
SET100294,TRD100294,2026-01-25,Settled,4138650.2,USD,Internal Transfer,
SET100295,TRD100295,2026-04-05,Settled,4046257.63,GBP,Internal Transfer,
SET100296,TRD100296,2026-03-04,Pending,4763379.68,EUR,CLS,Counterparty Delay
SET100297,TRD100297,2026-05-31,Cancelled,3361705.92,EUR,CLS,
SET100298,TRD100298,2026-06-19,Settled,5036962.71,GBP,Internal Transfer,
SET100299,TRD100299,2026-03-27,Settled,2760152.73,GBP,Custodian,
SET100300,TRD100300,2026-01-10,Cancelled,2147667.68,USD,SWIFT,
SET100301,TRD100301,2026-06-29,Settled,698554.67,EUR,CLS,
SET100302,TRD100302,2026-04-02,Cancelled,759120.04,GBP,SWIFT,
SET100303,TRD100303,2026-03-04,Settled,454249.99,USD,Internal Transfer,
SET100304,TRD100304,2026-02-20,Settled,4223428.22,EUR,SWIFT,
SET100305,TRD100305,2026-06-19,Settled,2896955.62,USD,CLS,
SET100306,TRD100306,2026-03-04,Cancelled,168199.44,USD,RTGS,
SET100307,TRD100307,2026-01-20,Settled,4722903.83,USD,RTGS,
SET100308,TRD100308,2026-01-26,Settled,4277845.04,EUR,Custodian,
SET100309,TRD100309,2026-02-12,Cancelled,3378144.1,USD,Internal Transfer,
SET100310,TRD100310,2026-01-17,Cancelled,5055345.13,USD,CLS,
SET100311,TRD100311,2026-02-01,Settled,3633070.25,USD,RTGS,
SET100312,TRD100312,2026-01-23,Cancelled,2169355.63,USD,Internal Transfer,
SET100313,TRD100313,2026-02-11,Settled,842657.79,USD,CLS,
SET100314,TRD100314,2026-06-09,Failed,3613924.86,USD,RTGS,Insufficient Funds
SET100315,TRD100315,2026-04-23,Cancelled,2758937.19,EUR,Custodian,
SET100316,TRD100316,2026-05-03,Settled,4219259.18,GBP,SWIFT,
SET100317,TRD100317,2026-01-26,Settled,4160472.16,USD,RTGS,
SET100318,TRD100318,2026-06-19,Failed,431370.21,EUR,Internal Transfer,Insufficient Funds
SET100319,TRD100319,2026-04-16,Settled,2160803.5,USD,SWIFT,
SET100320,TRD100320,2026-03-05,Pending,3333707.17,EUR,Custodian,Counterparty Delay
SET100321,TRD100321,2026-03-13,Settled,4793723.44,USD,Internal Transfer,
SET100322,TRD100322,2026-04-13,Settled,3137329.27,EUR,SWIFT,
SET100323,TRD100323,2026-05-27,Settled,1495277.35,EUR,SWIFT,
SET100324,TRD100324,2026-03-09,Failed,1377168.26,USD,SWIFT,Holiday Calendar
SET100325,TRD100325,2026-02-04,Settled,355417.51,USD,Internal Transfer,
SET100326,TRD100326,2026-06-23,Pending,1469818.36,GBP,SWIFT,Counterparty Delay
SET100327,TRD100327,2026-03-29,Settled,4200403.93,USD,CLS,
SET100328,TRD100328,2026-03-22,Settled,424207.87,USD,RTGS,
SET100329,TRD100329,2026-06-28,Cancelled,2630897.5,USD,Custodian,
SET100330,TRD100330,2026-05-31,Cancelled,1395520.18,GBP,RTGS,
SET100331,TRD100331,2026-05-28,Settled,1818431.59,USD,SWIFT,
SET100332,TRD100332,2026-05-13,Settled,4386225.18,USD,Custodian,
SET100333,TRD100333,2026-04-27,Settled,3321073.06,USD,SWIFT,
SET100334,TRD100334,2026-03-31,Settled,3466497.79,USD,Custodian,
SET100335,TRD100335,2026-01-27,Settled,915967.7,USD,RTGS,
SET100336,TRD100336,2026-06-18,Settled,284314.87,USD,CLS,
SET100337,TRD100337,2026-05-05,Settled,3933927.45,EUR,Custodian,
SET100338,TRD100338,2026-04-23,Cancelled,791642.75,GBP,CLS,
SET100339,TRD100339,2026-01-19,Settled,4930192.07,GBP,RTGS,
SET100340,TRD100340,2026-01-15,Settled,4387035.09,GBP,Custodian,
SET100341,TRD100341,2026-02-11,Settled,170307.85,GBP,RTGS,
SET100342,TRD100342,2026-05-04,Pending,337961.93,USD,SWIFT,Incorrect Settlement Instruction
SET100343,TRD100343,2026-03-25,Settled,2510076.17,EUR,RTGS,
SET100344,TRD100344,2026-02-23,Settled,2570316.37,USD,CLS,
SET100345,TRD100345,2026-03-02,Pending,707062.74,USD,RTGS,Counterparty Delay
SET100346,TRD100346,2026-06-10,Settled,905110.6,USD,SWIFT,
SET100347,TRD100347,2026-02-26,Settled,1594298.97,GBP,RTGS,
SET100348,TRD100348,2026-04-21,Pending,4621167.91,USD,Custodian,SSI Missing
SET100349,TRD100349,2026-03-11,Settled,2396930.1,GBP,CLS,
SET100350,TRD100350,2026-04-30,Settled,1705482.91,USD,CLS,
SET100351,TRD100351,2026-04-17,Failed,4059652.52,EUR,Custodian,Insufficient Funds
SET100352,TRD100352,2026-01-15,Settled,2496447.68,EUR,SWIFT,
SET100353,TRD100353,2026-01-25,Settled,4113733.16,GBP,Custodian,
SET100354,TRD100354,2026-05-27,Pending,3490641.22,USD,SWIFT,Insufficient Funds
SET100355,TRD100355,2026-03-10,Cancelled,1420168.39,EUR,RTGS,
SET100356,TRD100356,2026-06-24,Settled,2204704.1,USD,SWIFT,
SET100357,TRD100357,2026-03-20,Settled,1425890.71,USD,RTGS,
SET100358,TRD100358,2026-06-18,Cancelled,3586487.1,EUR,RTGS,
SET100359,TRD100359,2026-04-24,Pending,4519293.27,GBP,SWIFT,Payment Mismatch
SET100360,TRD100360,2026-05-19,Pending,1608573.52,USD,RTGS,Holiday Calendar
SET100361,TRD100361,2026-02-12,Settled,560599.55,USD,RTGS,
SET100362,TRD100362,2026-02-23,Settled,4137963.41,USD,Internal Transfer,
SET100363,TRD100363,2026-04-24,Settled,3741855.78,GBP,Custodian,
SET100364,TRD100364,2026-06-27,Settled,4824148.42,USD,CLS,
SET100365,TRD100365,2026-02-21,Settled,3019770.52,GBP,SWIFT,
SET100366,TRD100366,2026-03-30,Settled,270768.67,GBP,Internal Transfer,
SET100367,TRD100367,2026-04-23,Cancelled,2939850.47,GBP,RTGS,
SET100368,TRD100368,2026-05-02,Settled,1386347.43,USD,CLS,
SET100369,TRD100369,2026-05-07,Settled,1148830.27,EUR,CLS,
SET100370,TRD100370,2026-02-01,Cancelled,2226872.27,GBP,CLS,
SET100371,TRD100371,2026-06-28,Settled,3845978.38,USD,Internal Transfer,
SET100372,TRD100372,2026-02-12,Settled,3009928.81,USD,Custodian,
SET100373,TRD100373,2026-05-11,Settled,4539773.24,GBP,Custodian,
SET100374,TRD100374,2026-05-01,Cancelled,2449447.2,USD,RTGS,
SET100375,TRD100375,2026-01-26,Cancelled,3305423.56,EUR,CLS,
SET100376,TRD100376,2026-02-21,Settled,1355460.13,GBP,CLS,
SET100377,TRD100377,2026-02-08,Settled,4440850.85,USD,RTGS,
SET100378,TRD100378,2026-01-09,Settled,3275859.33,EUR,SWIFT,
SET100379,TRD100379,2026-04-26,Settled,4615437.2,USD,Internal Transfer,
SET100380,TRD100380,2026-02-19,Settled,2210457.02,USD,RTGS,
SET100381,TRD100381,2026-06-17,Pending,1422077.32,USD,SWIFT,Counterparty Delay
SET100382,TRD100382,2026-06-07,Cancelled,4600943.4,USD,Custodian,
SET100383,TRD100383,2026-02-11,Settled,4531540.4,USD,RTGS,
SET100384,TRD100384,2026-06-01,Cancelled,1111134.56,USD,CLS,
SET100385,TRD100385,2026-03-30,Settled,390114.14,USD,RTGS,
SET100386,TRD100386,2026-03-03,Settled,2707888.26,EUR,Custodian,
SET100387,TRD100387,2026-05-07,Settled,1725573.06,USD,Internal Transfer,
SET100388,TRD100388,2026-02-11,Settled,4243487.04,USD,RTGS,
SET100389,TRD100389,2026-04-01,Settled,2777176.99,USD,CLS,
SET100390,TRD100390,2026-05-03,Settled,621589.54,USD,SWIFT,
SET100391,TRD100391,2026-05-22,Settled,2352615.8,GBP,RTGS,
SET100392,TRD100392,2026-05-24,Settled,1454255.17,EUR,Custodian,
SET100393,TRD100393,2026-06-18,Settled,4904308.09,GBP,CLS,
SET100394,TRD100394,2026-01-04,Cancelled,3969362.04,GBP,CLS,
SET100395,TRD100395,2026-05-14,Cancelled,2288135.37,USD,CLS,
SET100396,TRD100396,2026-02-10,Settled,3623505.66,USD,RTGS,
SET100397,TRD100397,2026-03-05,Settled,1002666.36,GBP,SWIFT,
SET100398,TRD100398,2026-02-28,Settled,4342846.7,USD,Internal Transfer,
SET100399,TRD100399,2026-05-21,Settled,4460432.25,USD,CLS,
SET100400,TRD100400,2026-01-28,Pending,1639318.85,USD,RTGS,SSI Missing
SET100401,TRD100401,2026-06-20,Settled,3830935.58,USD,RTGS,
SET100402,TRD100402,2026-01-12,Settled,653965.21,EUR,SWIFT,
SET100403,TRD100403,2026-06-23,Settled,1724161.16,EUR,RTGS,
SET100404,TRD100404,2026-05-20,Pending,1318611.89,USD,RTGS,Payment Mismatch
SET100405,TRD100405,2026-04-30,Settled,4597205.87,USD,Custodian,
SET100406,TRD100406,2026-01-28,Cancelled,3472767.26,EUR,Internal Transfer,
SET100407,TRD100407,2026-01-21,Settled,1124174.47,USD,RTGS,
SET100408,TRD100408,2026-03-08,Cancelled,3838782.9,EUR,RTGS,
SET100409,TRD100409,2026-06-19,Pending,2313432.13,USD,SWIFT,Holiday Calendar
SET100410,TRD100410,2026-01-18,Pending,4225452.84,USD,RTGS,SSI Missing
SET100411,TRD100411,2026-03-21,Settled,688989.78,USD,SWIFT,
SET100412,TRD100412,2026-02-04,Cancelled,3588557.18,USD,CLS,
SET100413,TRD100413,2026-01-24,Cancelled,4044743.86,GBP,CLS,
SET100414,TRD100414,2026-01-13,Settled,3369922.27,GBP,SWIFT,
SET100415,TRD100415,2026-03-25,Settled,1608126.65,EUR,Custodian,
SET100416,TRD100416,2026-04-14,Settled,2168604.14,USD,CLS,
SET100417,TRD100417,2026-03-25,Settled,393734.61,EUR,RTGS,
SET100418,TRD100418,2026-06-15,Settled,4647040.95,GBP,Internal Transfer,
SET100419,TRD100419,2026-03-03,Settled,269729.8,USD,SWIFT,
SET100420,TRD100420,2026-03-09,Settled,280344.87,USD,Custodian,
SET100421,TRD100421,2026-06-29,Pending,4877399.9,EUR,RTGS,Insufficient Funds
SET100422,TRD100422,2026-04-05,Cancelled,283495.15,USD,Internal Transfer,
SET100423,TRD100423,2026-05-09,Settled,4924783.17,USD,CLS,
SET100424,TRD100424,2026-01-28,Settled,3213903.1,USD,Custodian,
SET100425,TRD100425,2026-06-04,Cancelled,1209538.7,USD,CLS,
SET100426,TRD100426,2026-04-09,Settled,1789766.38,USD,Custodian,
SET100427,TRD100427,2026-03-24,Settled,2482564.86,USD,SWIFT,
SET100428,TRD100428,2026-05-19,Settled,2539541.86,GBP,Custodian,
SET100429,TRD100429,2026-04-25,Settled,4083619.35,USD,Custodian,
SET100430,TRD100430,2026-01-24,Pending,4654751.0,USD,Internal Transfer,Incorrect Settlement Instruction
SET100431,TRD100431,2026-01-04,Cancelled,1779481.08,USD,RTGS,
SET100432,TRD100432,2026-02-04,Settled,3510241.3,USD,Custodian,
SET100433,TRD100433,2026-06-16,Pending,2682898.61,USD,Internal Transfer,Insufficient Funds
SET100434,TRD100434,2026-01-09,Settled,3522970.19,USD,SWIFT,
SET100435,TRD100435,2026-04-03,Cancelled,4783774.13,GBP,SWIFT,
SET100436,TRD100436,2026-02-09,Settled,1511160.25,USD,Internal Transfer,
SET100437,TRD100437,2026-04-21,Failed,3200042.8,GBP,SWIFT,Incorrect Settlement Instruction
SET100438,TRD100438,2026-05-28,Settled,3460672.38,GBP,CLS,
SET100439,TRD100439,2026-03-16,Settled,2734153.34,USD,CLS,
SET100440,TRD100440,2026-04-16,Settled,2066202.54,GBP,Internal Transfer,
SET100441,TRD100441,2026-01-22,Settled,1467812.93,USD,Internal Transfer,
SET100442,TRD100442,2026-03-18,Cancelled,4932090.15,GBP,Custodian,
SET100443,TRD100443,2026-05-16,Cancelled,235443.16,USD,RTGS,
SET100444,TRD100444,2026-01-16,Settled,2813642.63,USD,Custodian,
SET100445,TRD100445,2026-04-23,Settled,1456022.95,GBP,RTGS,
SET100446,TRD100446,2026-01-24,Settled,3493779.23,USD,RTGS,
SET100447,TRD100447,2026-06-06,Pending,1826203.8,USD,CLS,Holiday Calendar
SET100448,TRD100448,2026-01-12,Pending,2412041.22,USD,Internal Transfer,Payment Mismatch
SET100449,TRD100449,2026-04-01,Cancelled,4874429.43,USD,Internal Transfer,
SET100450,TRD100450,2026-02-13,Settled,4643678.49,USD,Internal Transfer,
SET100451,TRD100451,2026-06-30,Settled,3198437.71,EUR,CLS,
SET100452,TRD100452,2026-02-09,Settled,2065519.45,GBP,SWIFT,
SET100453,TRD100453,2026-05-15,Settled,3119046.03,USD,CLS,
SET100454,TRD100454,2026-03-15,Pending,3085156.09,EUR,RTGS,Incorrect Settlement Instruction
SET100455,TRD100455,2026-04-26,Settled,2276501.77,USD,Internal Transfer,
SET100456,TRD100456,2026-04-08,Settled,2778867.19,GBP,Internal Transfer,
SET100457,TRD100457,2026-03-28,Cancelled,954361.94,USD,SWIFT,
SET100458,TRD100458,2026-02-26,Settled,3345675.87,EUR,RTGS,
SET100459,TRD100459,2026-06-23,Pending,4502467.25,USD,RTGS,Holiday Calendar
SET100460,TRD100460,2026-06-23,Failed,1767948.93,USD,SWIFT,Holiday Calendar
SET100461,TRD100461,2026-01-11,Settled,3770626.62,EUR,CLS,
SET100462,TRD100462,2026-05-11,Settled,626896.37,USD,Internal Transfer,
SET100463,TRD100463,2026-06-05,Settled,4847664.29,GBP,Custodian,
SET100464,TRD100464,2026-03-27,Settled,3599404.94,USD,SWIFT,
SET100465,TRD100465,2026-04-06,Cancelled,4199722.71,EUR,Internal Transfer,
SET100466,TRD100466,2026-05-28,Settled,2745729.62,USD,Internal Transfer,
SET100467,TRD100467,2026-03-06,Settled,1731948.49,GBP,SWIFT,
SET100468,TRD100468,2026-04-20,Settled,3973717.18,USD,CLS,
SET100469,TRD100469,2026-03-25,Cancelled,3068880.61,USD,Internal Transfer,
SET100470,TRD100470,2026-02-07,Settled,3688106.32,EUR,CLS,
SET100471,TRD100471,2026-03-09,Cancelled,1224365.87,EUR,CLS,
SET100472,TRD100472,2026-04-14,Cancelled,3282466.2,EUR,Custodian,
SET100473,TRD100473,2026-02-07,Settled,1721036.5,USD,Custodian,
SET100474,TRD100474,2026-02-16,Cancelled,4895683.34,USD,CLS,
SET100475,TRD100475,2026-01-15,Settled,4399019.63,USD,RTGS,
SET100476,TRD100476,2026-02-14,Cancelled,3705137.32,EUR,Internal Transfer,
SET100477,TRD100477,2026-06-13,Settled,3604604.34,USD,CLS,
SET100478,TRD100478,2026-06-18,Settled,2974660.59,USD,Custodian,
SET100479,TRD100479,2026-01-03,Pending,3655042.68,GBP,CLS,SSI Missing
SET100480,TRD100480,2026-03-11,Settled,518470.67,USD,SWIFT,
SET100481,TRD100481,2026-04-10,Settled,2392352.69,GBP,CLS,
SET100482,TRD100482,2026-01-04,Settled,3503453.68,USD,Internal Transfer,
SET100483,TRD100483,2026-01-20,Settled,4463554.18,USD,RTGS,
SET100484,TRD100484,2026-04-21,Settled,4085431.33,USD,Internal Transfer,
SET100485,TRD100485,2026-01-26,Settled,2529935.98,EUR,CLS,
SET100486,TRD100486,2026-04-19,Settled,2868818.65,USD,Internal Transfer,
SET100487,TRD100487,2026-05-24,Pending,2781093.13,USD,CLS,SSI Missing
SET100488,TRD100488,2026-05-20,Pending,4508486.02,EUR,Internal Transfer,Incorrect Settlement Instruction
SET100489,TRD100489,2026-02-19,Settled,154311.79,USD,RTGS,
SET100490,TRD100490,2026-06-17,Settled,4323093.82,GBP,Internal Transfer,
SET100491,TRD100491,2026-04-13,Cancelled,900412.63,EUR,RTGS,
SET100492,TRD100492,2026-01-10,Cancelled,1972432.51,USD,Internal Transfer,
SET100493,TRD100493,2026-05-17,Failed,3056054.71,USD,CLS,Insufficient Funds
SET100494,TRD100494,2026-05-21,Cancelled,2376370.2,USD,CLS,
SET100495,TRD100495,2026-05-25,Settled,2948543.12,USD,CLS,
SET100496,TRD100496,2026-03-23,Cancelled,2775593.34,GBP,Internal Transfer,
SET100497,TRD100497,2026-05-07,Settled,4316443.52,USD,CLS,
SET100498,TRD100498,2026-01-08,Settled,319657.29,GBP,Internal Transfer,
SET100499,TRD100499,2026-06-16,Settled,3355329.8,USD,SWIFT,
SET100500,TRD100500,2026-02-13,Settled,4360857.0,GBP,SWIFT,
SET100501,TRD100501,2026-03-27,Settled,4510769.88,GBP,RTGS,
SET100502,TRD100502,2026-03-17,Cancelled,3143121.87,GBP,Internal Transfer,
SET100503,TRD100503,2026-02-26,Cancelled,4255860.95,USD,CLS,
SET100504,TRD100504,2026-02-12,Cancelled,1533668.18,GBP,Internal Transfer,
SET100505,TRD100505,2026-01-30,Settled,4125114.6,EUR,SWIFT,
SET100506,TRD100506,2026-01-30,Settled,3916506.67,USD,SWIFT,
SET100507,TRD100507,2026-05-09,Settled,1059231.89,USD,Internal Transfer,
SET100508,TRD100508,2026-04-02,Pending,3531269.71,USD,RTGS,Counterparty Delay
SET100509,TRD100509,2026-06-13,Pending,4014217.75,GBP,CLS,Incorrect Settlement Instruction
SET100510,TRD100510,2026-06-17,Settled,778601.88,USD,Custodian,
SET100511,TRD100511,2026-03-06,Cancelled,269382.3,GBP,SWIFT,
SET100512,TRD100512,2026-01-20,Settled,372580.72,EUR,RTGS,
SET100513,TRD100513,2026-02-08,Cancelled,4280994.21,USD,Internal Transfer,
SET100514,TRD100514,2026-03-19,Settled,3354529.15,EUR,RTGS,
SET100515,TRD100515,2026-02-21,Settled,1370886.72,USD,CLS,
SET100516,TRD100516,2026-01-03,Settled,3160020.07,USD,SWIFT,
SET100517,TRD100517,2026-05-01,Settled,4041459.75,USD,SWIFT,
SET100518,TRD100518,2026-06-27,Settled,4785358.9,USD,SWIFT,
SET100519,TRD100519,2026-03-14,Cancelled,393925.7,EUR,Internal Transfer,
SET100520,TRD100520,2026-05-28,Settled,2101592.99,EUR,SWIFT,
SET100521,TRD100521,2026-04-13,Cancelled,160093.24,GBP,Custodian,
SET100522,TRD100522,2026-04-21,Settled,756964.7,EUR,Internal Transfer,
SET100523,TRD100523,2026-01-24,Settled,254000.54,EUR,CLS,
SET100524,TRD100524,2026-02-07,Settled,625843.93,USD,Internal Transfer,
SET100525,TRD100525,2026-05-12,Pending,3786719.79,GBP,RTGS,Counterparty Delay
SET100526,TRD100526,2026-02-19,Settled,423560.31,GBP,Internal Transfer,
SET100527,TRD100527,2026-06-11,Cancelled,3560260.1,EUR,SWIFT,
SET100528,TRD100528,2026-01-21,Pending,4312317.41,USD,CLS,Payment Mismatch
SET100529,TRD100529,2026-02-11,Settled,4613297.97,GBP,Internal Transfer,
SET100530,TRD100530,2026-01-20,Settled,4134058.09,EUR,Internal Transfer,
SET100531,TRD100531,2026-05-11,Settled,3691499.33,USD,Custodian,
SET100532,TRD100532,2026-05-25,Settled,714023.96,USD,Custodian,
SET100533,TRD100533,2026-06-29,Settled,3964150.21,USD,CLS,
SET100534,TRD100534,2026-06-24,Settled,1363895.89,USD,RTGS,
SET100535,TRD100535,2026-04-09,Failed,1258078.58,GBP,Custodian,Insufficient Funds
SET100536,TRD100536,2026-04-17,Settled,3701863.17,GBP,SWIFT,
SET100537,TRD100537,2026-03-19,Settled,662724.26,USD,SWIFT,
SET100538,TRD100538,2026-06-16,Settled,4350924.77,GBP,Custodian,
SET100539,TRD100539,2026-01-23,Cancelled,1730231.98,GBP,Custodian,
SET100540,TRD100540,2026-06-24,Settled,2710786.83,USD,Internal Transfer,
SET100541,TRD100541,2026-06-25,Cancelled,3773790.96,USD,Internal Transfer,
SET100542,TRD100542,2026-06-25,Settled,3441960.56,GBP,Custodian,
SET100543,TRD100543,2026-04-14,Settled,1152513.01,GBP,Custodian,
SET100544,TRD100544,2026-04-24,Settled,1010092.24,USD,CLS,
SET100545,TRD100545,2026-01-31,Settled,3868795.28,EUR,Internal Transfer,
SET100546,TRD100546,2026-06-20,Cancelled,2536901.27,EUR,CLS,
SET100547,TRD100547,2026-03-21,Cancelled,2535300.7,EUR,Internal Transfer,
SET100548,TRD100548,2026-06-19,Settled,1807403.77,USD,RTGS,
SET100549,TRD100549,2026-02-25,Settled,4022009.48,EUR,RTGS,
SET100550,TRD100550,2026-04-04,Settled,5000357.03,USD,Internal Transfer,
SET100551,TRD100551,2026-05-21,Settled,4288419.66,GBP,RTGS,
SET100552,TRD100552,2026-02-01,Settled,4404185.9,USD,Custodian,
SET100553,TRD100553,2026-01-11,Settled,4692197.89,USD,Custodian,
SET100554,TRD100554,2026-04-03,Settled,859991.49,GBP,RTGS,
SET100555,TRD100555,2026-02-10,Settled,1030275.79,USD,Custodian,
SET100556,TRD100556,2026-03-14,Settled,1015388.17,USD,CLS,
SET100557,TRD100557,2026-02-02,Settled,2148336.02,EUR,SWIFT,
SET100558,TRD100558,2026-04-19,Settled,2349393.38,USD,SWIFT,
SET100559,TRD100559,2026-01-22,Settled,413181.66,USD,CLS,
SET100560,TRD100560,2026-02-12,Settled,1665159.59,GBP,CLS,
SET100561,TRD100561,2026-03-19,Settled,4360064.62,GBP,Internal Transfer,
SET100562,TRD100562,2026-05-19,Settled,547684.8,GBP,SWIFT,
SET100563,TRD100563,2026-01-04,Settled,880934.5,GBP,SWIFT,
SET100564,TRD100564,2026-05-11,Settled,2737462.64,USD,Internal Transfer,
SET100565,TRD100565,2026-05-16,Cancelled,531270.39,USD,CLS,
SET100566,TRD100566,2026-03-21,Settled,3279549.95,EUR,Custodian,
SET100567,TRD100567,2026-05-20,Settled,4941132.4,USD,CLS,
SET100568,TRD100568,2026-03-28,Pending,1384212.69,USD,SWIFT,Payment Mismatch
SET100569,TRD100569,2026-04-11,Settled,1528995.06,USD,SWIFT,
SET100570,TRD100570,2026-01-20,Cancelled,4163437.68,USD,SWIFT,
SET100571,TRD100571,2026-03-21,Settled,1107351.73,GBP,Internal Transfer,
SET100572,TRD100572,2026-05-14,Settled,1865608.26,USD,RTGS,
SET100573,TRD100573,2026-04-22,Settled,650894.93,USD,SWIFT,
SET100574,TRD100574,2026-01-29,Settled,1389121.63,USD,CLS,
SET100575,TRD100575,2026-03-14,Settled,252752.96,EUR,CLS,
SET100576,TRD100576,2026-06-01,Cancelled,369747.91,USD,SWIFT,
SET100577,TRD100577,2026-04-07,Settled,4880576.57,GBP,RTGS,
SET100578,TRD100578,2026-02-11,Settled,4630118.96,USD,RTGS,
SET100579,TRD100579,2026-03-04,Settled,2820024.59,USD,SWIFT,
SET100580,TRD100580,2026-05-03,Settled,4210841.14,USD,CLS,
SET100581,TRD100581,2026-06-17,Cancelled,145084.71,USD,RTGS,
SET100582,TRD100582,2026-06-29,Settled,4226394.13,USD,RTGS,
SET100583,TRD100583,2026-01-15,Settled,2443163.57,USD,Custodian,
SET100584,TRD100584,2026-06-23,Settled,3081858.13,USD,RTGS,
SET100585,TRD100585,2026-03-13,Settled,1641635.44,USD,Internal Transfer,
SET100586,TRD100586,2026-02-25,Settled,3179097.31,USD,Custodian,
SET100587,TRD100587,2026-07-01,Settled,2776208.59,USD,Internal Transfer,
SET100588,TRD100588,2026-04-06,Settled,4415067.22,USD,SWIFT,
SET100589,TRD100589,2026-01-15,Cancelled,1401352.3,USD,RTGS,
SET100590,TRD100590,2026-05-17,Pending,2205024.21,USD,Custodian,Counterparty Delay
SET100591,TRD100591,2026-05-21,Pending,3990910.84,USD,RTGS,Payment Mismatch
SET100592,TRD100592,2026-04-14,Settled,4769190.4,EUR,Custodian,
SET100593,TRD100593,2026-02-27,Settled,1504477.41,USD,Custodian,
SET100594,TRD100594,2026-05-18,Settled,4922848.89,USD,SWIFT,
SET100595,TRD100595,2026-03-12,Settled,1217157.35,USD,Custodian,
SET100596,TRD100596,2026-03-30,Settled,304980.95,USD,RTGS,
SET100597,TRD100597,2026-02-18,Cancelled,3437602.36,USD,CLS,
SET100598,TRD100598,2026-05-28,Settled,2148320.13,USD,SWIFT,
SET100599,TRD100599,2026-01-23,Settled,4182175.68,EUR,Custodian,
SET100600,TRD100600,2026-05-29,Settled,1996806.11,USD,CLS,
SET100601,TRD100601,2026-04-01,Failed,2174300.65,USD,CLS,Counterparty Delay
SET100602,TRD100602,2026-06-15,Settled,1426636.02,USD,CLS,
SET100603,TRD100603,2026-06-09,Settled,2658702.03,USD,Custodian,
SET100604,TRD100604,2026-06-19,Settled,1939920.34,EUR,Internal Transfer,
SET100605,TRD100605,2026-05-08,Settled,4229479.21,USD,RTGS,
SET100606,TRD100606,2026-02-01,Pending,4259561.22,USD,SWIFT,Payment Mismatch
SET100607,TRD100607,2026-06-24,Settled,200308.06,USD,CLS,
SET100608,TRD100608,2026-03-20,Settled,2682669.22,EUR,SWIFT,
SET100609,TRD100609,2026-03-12,Settled,1224200.26,USD,Internal Transfer,
SET100610,TRD100610,2026-04-26,Pending,4094994.28,EUR,CLS,SSI Missing
SET100611,TRD100611,2026-04-29,Pending,2456662.53,USD,Internal Transfer,Incorrect Settlement Instruction
SET100612,TRD100612,2026-05-15,Settled,5061075.24,USD,Custodian,
SET100613,TRD100613,2026-02-15,Settled,2424428.14,GBP,SWIFT,
SET100614,TRD100614,2026-02-20,Settled,2119492.07,GBP,Internal Transfer,
SET100615,TRD100615,2026-05-31,Settled,4635979.6,GBP,Internal Transfer,
SET100616,TRD100616,2026-04-23,Settled,2914315.54,GBP,Custodian,
SET100617,TRD100617,2026-02-02,Settled,429659.35,USD,Internal Transfer,
SET100618,TRD100618,2026-02-15,Failed,286529.02,USD,SWIFT,SSI Missing
SET100619,TRD100619,2026-02-04,Pending,3645655.93,GBP,Custodian,Insufficient Funds
SET100620,TRD100620,2026-01-13,Pending,3536402.6,USD,RTGS,Counterparty Delay
SET100621,TRD100621,2026-04-12,Settled,1221456.23,GBP,CLS,
SET100622,TRD100622,2026-05-29,Settled,4402131.15,GBP,CLS,
SET100623,TRD100623,2026-05-02,Cancelled,4451666.68,USD,Custodian,
SET100624,TRD100624,2026-06-28,Settled,550039.34,USD,Internal Transfer,
SET100625,TRD100625,2026-04-27,Settled,157721.42,USD,Custodian,
SET100626,TRD100626,2026-01-15,Settled,3054267.04,USD,SWIFT,
SET100627,TRD100627,2026-05-23,Settled,725600.68,GBP,Custodian,
SET100628,TRD100628,2026-01-20,Settled,4564994.72,GBP,RTGS,
SET100629,TRD100629,2026-06-25,Cancelled,224371.88,EUR,SWIFT,
SET100630,TRD100630,2026-01-21,Cancelled,2098046.08,USD,CLS,
SET100631,TRD100631,2026-03-30,Settled,3784272.26,EUR,CLS,
SET100632,TRD100632,2026-04-15,Settled,2943850.02,EUR,CLS,
SET100633,TRD100633,2026-03-08,Settled,2902553.57,EUR,SWIFT,
SET100634,TRD100634,2026-06-06,Pending,2435948.08,USD,CLS,Payment Mismatch
SET100635,TRD100635,2026-03-05,Pending,1322876.61,EUR,Internal Transfer,Holiday Calendar
SET100636,TRD100636,2026-05-10,Settled,4307611.07,USD,RTGS,
SET100637,TRD100637,2026-06-30,Settled,731304.07,USD,SWIFT,
SET100638,TRD100638,2026-06-20,Settled,1164113.26,EUR,CLS,
SET100639,TRD100639,2026-03-03,Settled,3223943.01,USD,Internal Transfer,
SET100640,TRD100640,2026-01-19,Settled,1445073.77,USD,Custodian,
SET100641,TRD100641,2026-02-12,Settled,2791235.91,USD,SWIFT,
SET100642,TRD100642,2026-01-31,Cancelled,1739621.9,EUR,Internal Transfer,
SET100643,TRD100643,2026-01-08,Failed,2962252.27,USD,RTGS,Incorrect Settlement Instruction
SET100644,TRD100644,2026-01-19,Settled,4402029.17,EUR,RTGS,
SET100645,TRD100645,2026-06-03,Settled,1647436.89,USD,Internal Transfer,
SET100646,TRD100646,2026-04-17,Pending,2608797.74,GBP,SWIFT,Incorrect Settlement Instruction
SET100647,TRD100647,2026-04-15,Settled,3122530.4,EUR,RTGS,
SET100648,TRD100648,2026-04-16,Settled,4221107.33,USD,CLS,
SET100649,TRD100649,2026-03-16,Settled,714172.73,GBP,SWIFT,
SET100650,TRD100650,2026-04-07,Cancelled,1656779.3,USD,RTGS,
SET100651,TRD100651,2026-04-04,Settled,1793724.8,USD,RTGS,
SET100652,TRD100652,2026-01-14,Cancelled,3152713.8,USD,CLS,
SET100653,TRD100653,2026-04-06,Pending,1385944.12,USD,Internal Transfer,Holiday Calendar
SET100654,TRD100654,2026-03-19,Settled,3649234.18,USD,Internal Transfer,
SET100655,TRD100655,2026-06-20,Settled,4725878.83,GBP,Custodian,
SET100656,TRD100656,2026-01-07,Pending,4554126.6,GBP,Custodian,Payment Mismatch
SET100657,TRD100657,2026-04-16,Settled,4528985.85,EUR,Internal Transfer,
SET100658,TRD100658,2026-05-06,Settled,3898175.65,EUR,RTGS,
SET100659,TRD100659,2026-04-07,Settled,1994107.56,EUR,CLS,
SET100660,TRD100660,2026-05-02,Settled,1111856.21,USD,CLS,
SET100661,TRD100661,2026-04-30,Settled,2641214.33,USD,SWIFT,
SET100662,TRD100662,2026-02-09,Settled,433733.14,USD,Custodian,
SET100663,TRD100663,2026-02-26,Cancelled,1916077.49,USD,Internal Transfer,
SET100664,TRD100664,2026-06-10,Cancelled,1740413.35,GBP,CLS,
SET100665,TRD100665,2026-06-06,Cancelled,215478.15,GBP,Custodian,
SET100666,TRD100666,2026-04-17,Settled,1759460.69,USD,SWIFT,
SET100667,TRD100667,2026-05-13,Settled,3478051.17,USD,Custodian,
SET100668,TRD100668,2026-02-06,Cancelled,2623478.25,GBP,SWIFT,
SET100669,TRD100669,2026-04-19,Cancelled,1371014.14,USD,Internal Transfer,
SET100670,TRD100670,2026-06-17,Cancelled,259985.17,USD,Internal Transfer,
SET100671,TRD100671,2026-03-22,Cancelled,1808482.2,EUR,Custodian,
SET100672,TRD100672,2026-05-09,Cancelled,405328.91,EUR,Internal Transfer,
SET100673,TRD100673,2026-05-19,Settled,1534954.86,USD,RTGS,
SET100674,TRD100674,2026-02-10,Pending,943893.37,EUR,SWIFT,SSI Missing
SET100675,TRD100675,2026-01-13,Pending,2650122.18,EUR,SWIFT,Holiday Calendar
SET100676,TRD100676,2026-02-04,Cancelled,1508165.12,USD,CLS,
SET100677,TRD100677,2026-02-28,Failed,2839060.72,GBP,Custodian,Insufficient Funds
SET100678,TRD100678,2026-06-06,Settled,2326982.99,USD,Custodian,
SET100679,TRD100679,2026-02-05,Settled,4404197.69,USD,RTGS,
SET100680,TRD100680,2026-06-17,Settled,2092671.41,EUR,CLS,
SET100681,TRD100681,2026-03-16,Settled,3891604.73,GBP,Custodian,
SET100682,TRD100682,2026-02-03,Cancelled,2376600.24,USD,Custodian,
SET100683,TRD100683,2026-05-13,Settled,1230961.81,USD,CLS,
SET100684,TRD100684,2026-05-23,Settled,1249615.17,USD,Custodian,
SET100685,TRD100685,2026-03-10,Settled,2112239.74,USD,Internal Transfer,
SET100686,TRD100686,2026-01-03,Settled,1799241.17,USD,SWIFT,
SET100687,TRD100687,2026-02-12,Settled,4203165.92,GBP,CLS,
SET100688,TRD100688,2026-04-01,Settled,2873664.68,EUR,SWIFT,
SET100689,TRD100689,2026-01-02,Settled,1911189.36,USD,Custodian,
SET100690,TRD100690,2026-01-27,Settled,1969731.15,EUR,Internal Transfer,
SET100691,TRD100691,2026-04-17,Settled,4168444.04,USD,RTGS,
SET100692,TRD100692,2026-06-30,Settled,2756638.8,USD,RTGS,
SET100693,TRD100693,2026-06-09,Settled,782928.1,USD,Custodian,
SET100694,TRD100694,2026-05-21,Cancelled,2302924.54,USD,RTGS,
SET100695,TRD100695,2026-01-20,Cancelled,4613370.43,EUR,CLS,
SET100696,TRD100696,2026-06-11,Settled,458350.97,USD,Internal Transfer,
SET100697,TRD100697,2026-01-12,Failed,1756078.62,GBP,SWIFT,Counterparty Delay
SET100698,TRD100698,2026-04-08,Settled,4209893.32,GBP,Internal Transfer,
SET100699,TRD100699,2026-06-17,Cancelled,3590916.5,GBP,Internal Transfer,
SET100700,TRD100700,2026-05-29,Settled,1311165.57,EUR,SWIFT,
SET100701,TRD100701,2026-01-12,Settled,4103532.59,GBP,SWIFT,
SET100702,TRD100702,2026-03-27,Settled,1225871.79,EUR,SWIFT,
SET100703,TRD100703,2026-02-25,Settled,4333158.37,USD,Internal Transfer,
SET100704,TRD100704,2026-04-28,Settled,4483173.35,USD,Internal Transfer,
SET100705,TRD100705,2026-05-06,Settled,865969.16,EUR,CLS,
SET100706,TRD100706,2026-05-06,Cancelled,4550734.46,GBP,SWIFT,
SET100707,TRD100707,2026-04-03,Settled,1948102.15,USD,SWIFT,
SET100708,TRD100708,2026-06-08,Cancelled,2408518.49,EUR,RTGS,
SET100709,TRD100709,2026-06-14,Settled,1753401.18,USD,CLS,
SET100710,TRD100710,2026-03-18,Cancelled,2249217.86,USD,Custodian,
SET100711,TRD100711,2026-01-15,Settled,2557754.19,GBP,SWIFT,
SET100712,TRD100712,2026-06-03,Settled,1638168.88,GBP,SWIFT,
SET100713,TRD100713,2026-01-19,Pending,3724608.75,EUR,RTGS,Counterparty Delay
SET100714,TRD100714,2026-05-17,Settled,2932936.26,USD,Internal Transfer,
SET100715,TRD100715,2026-01-18,Cancelled,3673296.28,USD,RTGS,
SET100716,TRD100716,2026-01-31,Settled,1514451.67,GBP,CLS,
SET100717,TRD100717,2026-04-18,Cancelled,2620922.49,USD,CLS,
SET100718,TRD100718,2026-01-10,Settled,2918826.04,USD,SWIFT,
SET100719,TRD100719,2026-05-24,Settled,1324337.66,USD,SWIFT,
SET100720,TRD100720,2026-01-22,Pending,1275268.02,USD,CLS,Holiday Calendar
SET100721,TRD100721,2026-02-28,Settled,3773476.91,USD,RTGS,
SET100722,TRD100722,2026-02-15,Settled,593734.63,USD,CLS,
SET100723,TRD100723,2026-02-17,Settled,2929298.9,USD,Custodian,
SET100724,TRD100724,2026-01-18,Settled,5000095.54,USD,Custodian,
SET100725,TRD100725,2026-01-08,Settled,1445627.08,EUR,Custodian,
SET100726,TRD100726,2026-01-08,Cancelled,1601088.35,USD,Custodian,
SET100727,TRD100727,2026-02-21,Settled,4936739.07,GBP,Internal Transfer,
SET100728,TRD100728,2026-06-26,Settled,4630611.89,GBP,RTGS,
SET100729,TRD100729,2026-06-25,Settled,394839.42,USD,CLS,
SET100730,TRD100730,2026-01-22,Settled,738029.71,EUR,Internal Transfer,
SET100731,TRD100731,2026-02-28,Settled,4507412.81,EUR,Custodian,
SET100732,TRD100732,2026-05-01,Settled,974834.38,GBP,RTGS,
SET100733,TRD100733,2026-06-12,Settled,2859931.88,USD,Internal Transfer,
SET100734,TRD100734,2026-02-12,Cancelled,2418645.99,USD,Custodian,
SET100735,TRD100735,2026-06-24,Settled,2700613.68,USD,SWIFT,
SET100736,TRD100736,2026-01-12,Settled,1633601.63,USD,CLS,
SET100737,TRD100737,2026-05-09,Cancelled,1822383.39,GBP,SWIFT,
SET100738,TRD100738,2026-01-19,Cancelled,2761449.63,EUR,CLS,
SET100739,TRD100739,2026-03-30,Settled,3556014.78,USD,SWIFT,
SET100740,TRD100740,2026-06-22,Settled,990281.96,USD,RTGS,
SET100741,TRD100741,2026-01-24,Settled,2253884.93,EUR,Internal Transfer,
SET100742,TRD100742,2026-06-27,Settled,2026280.15,USD,Custodian,
SET100743,TRD100743,2026-05-04,Pending,1249466.66,USD,Internal Transfer,Counterparty Delay
SET100744,TRD100744,2026-06-04,Cancelled,4259958.15,USD,Custodian,
SET100745,TRD100745,2026-04-26,Settled,3261790.27,USD,SWIFT,
SET100746,TRD100746,2026-07-02,Settled,1649907.17,USD,Custodian,
SET100747,TRD100747,2026-06-08,Failed,775978.39,USD,Internal Transfer,SSI Missing
SET100748,TRD100748,2026-05-05,Settled,567636.64,USD,CLS,
SET100749,TRD100749,2026-06-13,Settled,4445954.62,USD,SWIFT,
SET100750,TRD100750,2026-05-11,Settled,2356696.4,EUR,Internal Transfer,
SET100751,TRD100751,2026-06-28,Settled,3358803.7,USD,Custodian,
SET100752,TRD100752,2026-02-26,Settled,4481544.66,USD,Internal Transfer,
SET100753,TRD100753,2026-06-10,Pending,3991827.21,USD,RTGS,Incorrect Settlement Instruction
SET100754,TRD100754,2026-05-08,Settled,3637710.99,EUR,SWIFT,
SET100755,TRD100755,2026-02-19,Settled,2219145.94,EUR,CLS,
SET100756,TRD100756,2026-06-26,Settled,835672.49,USD,Custodian,
SET100757,TRD100757,2026-07-01,Settled,4672124.0,USD,SWIFT,
SET100758,TRD100758,2026-06-24,Settled,1562323.13,USD,Internal Transfer,
SET100759,TRD100759,2026-01-16,Settled,475626.35,GBP,Internal Transfer,
SET100760,TRD100760,2026-05-19,Settled,4946555.65,USD,CLS,
SET100761,TRD100761,2026-02-06,Settled,4435373.27,USD,CLS,
SET100762,TRD100762,2026-01-09,Settled,1446522.77,USD,SWIFT,
SET100763,TRD100763,2026-03-10,Settled,1540612.77,USD,SWIFT,
SET100764,TRD100764,2026-05-02,Settled,2504043.87,USD,Custodian,
SET100765,TRD100765,2026-06-11,Cancelled,2668927.36,GBP,SWIFT,
SET100766,TRD100766,2026-01-08,Settled,2231031.16,USD,CLS,
SET100767,TRD100767,2026-04-18,Settled,2901966.99,EUR,CLS,
SET100768,TRD100768,2026-06-24,Settled,2888941.16,USD,CLS,
SET100769,TRD100769,2026-04-26,Settled,2924781.91,USD,Custodian,
SET100770,TRD100770,2026-01-04,Settled,3855762.75,USD,SWIFT,
SET100771,TRD100771,2026-04-23,Settled,185041.92,USD,Custodian,
SET100772,TRD100772,2026-01-06,Settled,1631429.5,GBP,CLS,
SET100773,TRD100773,2026-01-09,Settled,4151528.79,USD,RTGS,
SET100774,TRD100774,2026-05-08,Settled,4166773.58,USD,CLS,
SET100775,TRD100775,2026-02-04,Settled,4639006.98,GBP,Internal Transfer,
SET100776,TRD100776,2026-05-24,Settled,821931.95,USD,RTGS,
SET100777,TRD100777,2026-02-03,Settled,2523453.24,USD,SWIFT,
SET100778,TRD100778,2026-03-15,Cancelled,3793133.07,USD,Custodian,
SET100779,TRD100779,2026-06-19,Cancelled,3713386.33,GBP,RTGS,
SET100780,TRD100780,2026-03-10,Settled,836663.37,GBP,RTGS,
SET100781,TRD100781,2026-07-01,Settled,2505458.09,EUR,RTGS,
SET100782,TRD100782,2026-05-13,Settled,3664780.77,USD,CLS,
SET100783,TRD100783,2026-06-29,Settled,4629304.64,GBP,RTGS,
SET100784,TRD100784,2026-05-18,Cancelled,1327986.97,USD,CLS,
SET100785,TRD100785,2026-01-05,Pending,3373006.58,USD,Custodian,Counterparty Delay
SET100786,TRD100786,2026-06-06,Cancelled,2080661.55,USD,Internal Transfer,
SET100787,TRD100787,2026-01-31,Settled,4445827.09,USD,SWIFT,
SET100788,TRD100788,2026-02-21,Settled,704398.15,USD,CLS,
SET100789,TRD100789,2026-04-22,Settled,4898358.66,EUR,SWIFT,
SET100790,TRD100790,2026-01-30,Cancelled,4358636.54,USD,Custodian,
SET100791,TRD100791,2026-01-06,Cancelled,4783970.66,USD,CLS,
SET100792,TRD100792,2026-01-12,Settled,4978090.57,EUR,CLS,
SET100793,TRD100793,2026-04-02,Settled,2184509.24,EUR,CLS,
SET100794,TRD100794,2026-06-01,Cancelled,2078831.59,USD,CLS,
SET100795,TRD100795,2026-04-04,Settled,3759369.81,USD,Internal Transfer,
SET100796,TRD100796,2026-03-07,Settled,474613.93,USD,Internal Transfer,
SET100797,TRD100797,2026-04-01,Settled,1280024.08,EUR,Internal Transfer,
SET100798,TRD100798,2026-04-18,Settled,961077.38,USD,SWIFT,
SET100799,TRD100799,2026-04-14,Settled,3047230.3,EUR,SWIFT,
SET100800,TRD100800,2026-06-14,Pending,1824631.15,GBP,CLS,SSI Missing
SET100801,TRD100801,2026-06-18,Settled,4106511.83,GBP,CLS,
SET100802,TRD100802,2026-02-13,Settled,1957246.08,USD,CLS,
SET100803,TRD100803,2026-04-21,Settled,3425671.49,USD,SWIFT,
SET100804,TRD100804,2026-06-16,Settled,1007078.39,USD,Internal Transfer,
SET100805,TRD100805,2026-01-25,Pending,932999.03,USD,Custodian,SSI Missing
SET100806,TRD100806,2026-03-02,Settled,992812.08,USD,Internal Transfer,
SET100807,TRD100807,2026-05-08,Settled,2346801.13,GBP,SWIFT,
SET100808,TRD100808,2026-01-28,Settled,4542626.8,USD,CLS,
SET100809,TRD100809,2026-02-08,Settled,4848988.84,USD,SWIFT,
SET100810,TRD100810,2026-03-10,Settled,3363266.33,USD,RTGS,
SET100811,TRD100811,2026-05-02,Settled,1315738.24,USD,Custodian,
SET100812,TRD100812,2026-01-18,Settled,1572892.24,GBP,Custodian,
SET100813,TRD100813,2026-06-27,Settled,4149804.82,USD,Custodian,
SET100814,TRD100814,2026-03-25,Settled,4100703.51,USD,CLS,
SET100815,TRD100815,2026-02-25,Settled,2212711.66,USD,SWIFT,
SET100816,TRD100816,2026-02-20,Cancelled,2194506.59,USD,Custodian,
SET100817,TRD100817,2026-01-11,Settled,2627822.47,GBP,RTGS,
SET100818,TRD100818,2026-01-07,Settled,2536892.07,USD,RTGS,
SET100819,TRD100819,2026-04-20,Settled,1478628.26,EUR,Internal Transfer,
SET100820,TRD100820,2026-01-24,Settled,2422327.91,USD,SWIFT,
SET100821,TRD100821,2026-01-19,Settled,851248.91,USD,SWIFT,
SET100822,TRD100822,2026-02-26,Settled,1165302.84,EUR,RTGS,
SET100823,TRD100823,2026-05-23,Settled,3743073.55,USD,Custodian,
SET100824,TRD100824,2026-05-08,Settled,1280459.29,GBP,CLS,
SET100825,TRD100825,2026-03-27,Cancelled,4131032.62,USD,RTGS,
SET100826,TRD100826,2026-01-10,Cancelled,496967.49,EUR,Internal Transfer,
SET100827,TRD100827,2026-01-12,Settled,3354344.71,EUR,CLS,
SET100828,TRD100828,2026-02-16,Cancelled,960949.89,USD,CLS,
SET100829,TRD100829,2026-03-21,Pending,2657255.55,EUR,Internal Transfer,Counterparty Delay
SET100830,TRD100830,2026-03-25,Settled,2066383.15,USD,SWIFT,
SET100831,TRD100831,2026-06-05,Cancelled,4236299.43,EUR,CLS,
SET100832,TRD100832,2026-03-09,Settled,2364048.07,GBP,SWIFT,
SET100833,TRD100833,2026-01-18,Cancelled,224736.51,USD,CLS,
SET100834,TRD100834,2026-06-27,Cancelled,3317385.95,USD,CLS,
SET100835,TRD100835,2026-04-17,Settled,4214634.12,USD,Internal Transfer,
SET100836,TRD100836,2026-04-20,Cancelled,992230.72,EUR,SWIFT,
SET100837,TRD100837,2026-03-09,Settled,1681031.15,USD,Custodian,
SET100838,TRD100838,2026-01-29,Pending,323045.19,GBP,CLS,Holiday Calendar
SET100839,TRD100839,2026-04-27,Cancelled,412319.87,USD,CLS,
SET100840,TRD100840,2026-01-13,Settled,646417.43,GBP,Custodian,
SET100841,TRD100841,2026-06-15,Settled,3743609.51,EUR,CLS,
SET100842,TRD100842,2026-05-23,Settled,1641543.49,EUR,Custodian,
SET100843,TRD100843,2026-01-29,Cancelled,1823837.24,USD,SWIFT,
SET100844,TRD100844,2026-04-25,Settled,3960021.39,USD,Internal Transfer,
SET100845,TRD100845,2026-06-20,Settled,445787.71,USD,CLS,
SET100846,TRD100846,2026-05-21,Cancelled,4400122.17,USD,Custodian,
SET100847,TRD100847,2026-03-03,Settled,2650760.0,GBP,SWIFT,
SET100848,TRD100848,2026-02-22,Settled,2796835.28,USD,Custodian,
SET100849,TRD100849,2026-02-21,Cancelled,2522226.22,EUR,Internal Transfer,
SET100850,TRD100850,2026-05-31,Failed,4859196.36,USD,SWIFT,SSI Missing
SET100851,TRD100851,2026-04-24,Settled,4117120.0,USD,SWIFT,
SET100852,TRD100852,2026-06-03,Cancelled,1734916.74,USD,RTGS,
SET100853,TRD100853,2026-07-01,Failed,2448442.75,USD,Internal Transfer,SSI Missing
SET100854,TRD100854,2026-02-22,Settled,1987622.84,GBP,CLS,
SET100855,TRD100855,2026-03-16,Settled,4429941.43,EUR,SWIFT,
SET100856,TRD100856,2026-03-23,Settled,1724555.82,USD,CLS,
SET100857,TRD100857,2026-05-06,Settled,1915843.24,EUR,Custodian,
SET100858,TRD100858,2026-03-05,Settled,2288837.98,GBP,RTGS,
SET100859,TRD100859,2026-03-14,Cancelled,4471087.04,USD,SWIFT,
SET100860,TRD100860,2026-05-09,Settled,3041379.7,USD,Internal Transfer,
SET100861,TRD100861,2026-04-14,Settled,227624.25,GBP,Custodian,
SET100862,TRD100862,2026-06-12,Pending,2678354.33,USD,RTGS,Incorrect Settlement Instruction
SET100863,TRD100863,2026-04-18,Settled,4535923.96,USD,Internal Transfer,
SET100864,TRD100864,2026-01-27,Failed,3826181.51,USD,CLS,Holiday Calendar
SET100865,TRD100865,2026-01-16,Cancelled,965040.16,GBP,Internal Transfer,
SET100866,TRD100866,2026-04-22,Settled,1204701.54,GBP,Custodian,
SET100867,TRD100867,2026-01-13,Cancelled,119974.87,USD,RTGS,
SET100868,TRD100868,2026-02-03,Settled,2647216.44,USD,Custodian,
SET100869,TRD100869,2026-05-28,Cancelled,1510504.54,USD,RTGS,
SET100870,TRD100870,2026-05-01,Cancelled,4259940.55,USD,CLS,
SET100871,TRD100871,2026-04-18,Settled,2917508.09,USD,Custodian,
SET100872,TRD100872,2026-01-17,Pending,394505.89,USD,RTGS,Holiday Calendar
SET100873,TRD100873,2026-04-05,Settled,3786197.01,USD,Custodian,
SET100874,TRD100874,2026-06-10,Settled,4256260.84,GBP,Internal Transfer,
SET100875,TRD100875,2026-03-30,Settled,3876769.67,USD,Internal Transfer,
SET100876,TRD100876,2026-05-09,Cancelled,3453033.88,USD,Internal Transfer,
SET100877,TRD100877,2026-04-21,Settled,4898991.39,GBP,RTGS,
SET100878,TRD100878,2026-06-18,Settled,4336499.27,USD,SWIFT,
SET100879,TRD100879,2026-05-21,Settled,2602208.77,EUR,Custodian,
SET100880,TRD100880,2026-03-06,Cancelled,4729373.97,GBP,Custodian,
SET100881,TRD100881,2026-06-13,Failed,2926459.89,USD,Internal Transfer,Insufficient Funds
SET100882,TRD100882,2026-01-05,Settled,4215799.1,GBP,Custodian,
SET100883,TRD100883,2026-03-04,Settled,2147486.64,USD,Internal Transfer,
SET100884,TRD100884,2026-01-21,Pending,3296685.45,USD,Custodian,Holiday Calendar
SET100885,TRD100885,2026-06-07,Cancelled,3280050.85,EUR,SWIFT,
SET100886,TRD100886,2026-04-21,Settled,1547967.74,EUR,Custodian,
SET100887,TRD100887,2026-01-22,Settled,2567503.75,USD,RTGS,
SET100888,TRD100888,2026-04-10,Settled,309169.12,USD,Custodian,
SET100889,TRD100889,2026-03-26,Settled,990110.33,GBP,RTGS,
SET100890,TRD100890,2026-04-06,Settled,4425317.64,EUR,RTGS,
SET100891,TRD100891,2026-05-03,Settled,3854537.93,USD,RTGS,
SET100892,TRD100892,2026-06-26,Cancelled,4341342.51,USD,SWIFT,
SET100893,TRD100893,2026-03-20,Cancelled,3412073.68,USD,RTGS,
SET100894,TRD100894,2026-06-23,Cancelled,3116644.55,USD,SWIFT,
SET100895,TRD100895,2026-02-28,Settled,5030503.85,USD,Internal Transfer,
SET100896,TRD100896,2026-04-24,Settled,795962.43,USD,SWIFT,
SET100897,TRD100897,2026-01-07,Settled,4787070.38,USD,CLS,
SET100898,TRD100898,2026-03-27,Settled,4745178.72,USD,RTGS,
SET100899,TRD100899,2026-06-06,Cancelled,3002340.67,USD,RTGS,
SET100900,TRD100900,2026-06-12,Settled,1295038.63,EUR,Custodian,
SET100901,TRD100901,2026-02-22,Pending,1425206.35,USD,RTGS,Insufficient Funds
SET100902,TRD100902,2026-05-28,Cancelled,3128116.32,EUR,CLS,
SET100903,TRD100903,2026-06-12,Cancelled,2252694.21,EUR,Internal Transfer,
SET100904,TRD100904,2026-06-08,Settled,1873702.26,USD,SWIFT,
SET100905,TRD100905,2026-04-01,Settled,2101093.03,GBP,CLS,
SET100906,TRD100906,2026-03-25,Settled,387893.39,USD,Custodian,
SET100907,TRD100907,2026-05-31,Settled,1282447.24,USD,Custodian,
SET100908,TRD100908,2026-06-19,Settled,1174908.79,GBP,CLS,
SET100909,TRD100909,2026-04-17,Cancelled,4482206.92,EUR,Internal Transfer,
SET100910,TRD100910,2026-01-15,Settled,829331.28,EUR,CLS,
SET100911,TRD100911,2026-04-15,Pending,1583675.19,USD,CLS,Counterparty Delay
SET100912,TRD100912,2026-02-17,Settled,3654133.47,USD,RTGS,
SET100913,TRD100913,2026-04-20,Settled,2010506.15,EUR,Custodian,
SET100914,TRD100914,2026-03-24,Settled,3202470.08,USD,SWIFT,
SET100915,TRD100915,2026-05-16,Settled,2848523.74,USD,RTGS,
SET100916,TRD100916,2026-05-31,Settled,498310.04,EUR,SWIFT,
SET100917,TRD100917,2026-05-30,Settled,3581517.91,USD,RTGS,
SET100918,TRD100918,2026-02-07,Settled,2630024.76,GBP,CLS,
SET100919,TRD100919,2026-01-13,Settled,3697522.26,USD,CLS,
SET100920,TRD100920,2026-06-05,Settled,664463.15,GBP,SWIFT,
SET100921,TRD100921,2026-04-30,Settled,1962136.72,USD,Custodian,
SET100922,TRD100922,2026-03-06,Settled,1266622.82,USD,RTGS,
SET100923,TRD100923,2026-02-03,Settled,1464512.87,EUR,RTGS,
SET100924,TRD100924,2026-06-11,Settled,3835387.81,USD,RTGS,
SET100925,TRD100925,2026-06-25,Settled,560476.22,GBP,CLS,
SET100926,TRD100926,2026-02-18,Settled,1627411.14,USD,RTGS,
SET100927,TRD100927,2026-03-16,Settled,582693.41,GBP,Internal Transfer,
SET100928,TRD100928,2026-01-27,Settled,2767820.56,USD,CLS,
SET100929,TRD100929,2026-05-02,Settled,3564990.39,EUR,CLS,
SET100930,TRD100930,2026-05-06,Pending,4851135.81,EUR,CLS,Counterparty Delay
SET100931,TRD100931,2026-02-14,Settled,597877.51,USD,RTGS,
SET100932,TRD100932,2026-01-16,Settled,4146519.37,USD,Internal Transfer,
SET100933,TRD100933,2026-05-06,Settled,4215142.61,USD,SWIFT,
SET100934,TRD100934,2026-04-06,Settled,2270067.86,USD,CLS,
SET100935,TRD100935,2026-03-14,Cancelled,5043110.64,USD,SWIFT,
SET100936,TRD100936,2026-06-27,Failed,3431687.52,USD,CLS,Incorrect Settlement Instruction
SET100937,TRD100937,2026-02-17,Settled,2042024.25,USD,SWIFT,
SET100938,TRD100938,2026-02-14,Settled,3350132.15,EUR,CLS,
SET100939,TRD100939,2026-05-31,Settled,3361977.35,USD,Custodian,
SET100940,TRD100940,2026-02-07,Settled,2774244.8,USD,Internal Transfer,
SET100941,TRD100941,2026-03-25,Settled,4784757.35,USD,CLS,
SET100942,TRD100942,2026-06-27,Settled,3463152.14,USD,RTGS,
SET100943,TRD100943,2026-06-23,Settled,3845323.12,EUR,Internal Transfer,
SET100944,TRD100944,2026-01-20,Settled,1850234.6,GBP,SWIFT,
SET100945,TRD100945,2026-06-30,Pending,1636259.48,USD,SWIFT,Incorrect Settlement Instruction
SET100946,TRD100946,2026-03-10,Settled,4371545.67,USD,SWIFT,
SET100947,TRD100947,2026-03-30,Cancelled,3936260.68,GBP,Custodian,
SET100948,TRD100948,2026-05-26,Cancelled,4813024.77,USD,SWIFT,
SET100949,TRD100949,2026-03-01,Settled,1139953.83,USD,SWIFT,
SET100950,TRD100950,2026-06-08,Cancelled,745982.52,USD,SWIFT,
SET100951,TRD100951,2026-02-15,Pending,330781.62,USD,RTGS,Insufficient Funds
SET100952,TRD100952,2026-06-21,Pending,1269261.79,GBP,RTGS,SSI Missing
SET100953,TRD100953,2026-02-01,Settled,2819638.3,USD,Internal Transfer,
SET100954,TRD100954,2026-04-12,Settled,2084009.44,USD,RTGS,
SET100955,TRD100955,2026-05-25,Cancelled,4533704.41,EUR,SWIFT,
SET100956,TRD100956,2026-03-17,Settled,1595624.36,EUR,CLS,
SET100957,TRD100957,2026-01-14,Settled,3859281.82,USD,RTGS,
SET100958,TRD100958,2026-03-15,Settled,4525432.17,EUR,RTGS,
SET100959,TRD100959,2026-05-08,Cancelled,2622199.81,USD,Internal Transfer,
SET100960,TRD100960,2026-06-05,Settled,2577679.88,USD,Custodian,
SET100961,TRD100961,2026-06-18,Cancelled,812143.36,EUR,Internal Transfer,
SET100962,TRD100962,2026-05-18,Settled,2873257.05,USD,CLS,
SET100963,TRD100963,2026-06-09,Cancelled,3562639.62,USD,Custodian,
SET100964,TRD100964,2026-02-05,Settled,2049812.41,EUR,SWIFT,
SET100965,TRD100965,2026-06-21,Settled,2704196.29,EUR,RTGS,
SET100966,TRD100966,2026-02-02,Settled,2332389.01,EUR,RTGS,
SET100967,TRD100967,2026-06-09,Settled,2846092.31,USD,SWIFT,
SET100968,TRD100968,2026-06-15,Settled,1611572.01,USD,CLS,
SET100969,TRD100969,2026-04-19,Settled,349837.25,EUR,Custodian,
SET100970,TRD100970,2026-02-03,Settled,2083917.42,USD,CLS,
SET100971,TRD100971,2026-03-24,Cancelled,3841600.93,EUR,Custodian,
SET100972,TRD100972,2026-07-02,Pending,3767444.15,GBP,CLS,Incorrect Settlement Instruction
SET100973,TRD100973,2026-04-27,Settled,214419.89,GBP,RTGS,
SET100974,TRD100974,2026-04-09,Failed,829100.07,EUR,RTGS,Counterparty Delay
SET100975,TRD100975,2026-05-17,Pending,1582106.9,USD,Custodian,Incorrect Settlement Instruction
SET100976,TRD100976,2026-05-27,Cancelled,3577597.67,USD,SWIFT,
SET100977,TRD100977,2026-03-29,Cancelled,2300788.22,GBP,Custodian,
SET100978,TRD100978,2026-01-16,Pending,3266951.58,GBP,RTGS,SSI Missing
SET100979,TRD100979,2026-01-10,Pending,4849575.25,USD,CLS,Insufficient Funds
SET100980,TRD100980,2026-05-19,Settled,3050628.81,EUR,Custodian,
SET100981,TRD100981,2026-06-25,Pending,3344771.1,USD,Internal Transfer,SSI Missing
SET100982,TRD100982,2026-01-23,Cancelled,1638222.47,GBP,CLS,
SET100983,TRD100983,2026-04-25,Settled,3350701.76,EUR,RTGS,
SET100984,TRD100984,2026-03-10,Settled,3388074.43,EUR,RTGS,
SET100985,TRD100985,2026-02-04,Settled,475234.71,USD,RTGS,
SET100986,TRD100986,2026-01-28,Settled,4826121.08,EUR,Internal Transfer,
SET100987,TRD100987,2026-01-27,Settled,2927060.94,USD,RTGS,
SET100988,TRD100988,2026-05-24,Settled,4898044.04,GBP,Custodian,
SET100989,TRD100989,2026-03-07,Cancelled,1128326.04,USD,Internal Transfer,
SET100990,TRD100990,2026-03-23,Pending,2087510.18,EUR,SWIFT,Counterparty Delay
SET100991,TRD100991,2026-04-17,Cancelled,4309791.76,EUR,RTGS,
SET100992,TRD100992,2026-01-29,Settled,102634.27,USD,RTGS,
SET100993,TRD100993,2026-05-19,Settled,261234.72,USD,Custodian,
SET100994,TRD100994,2026-04-01,Cancelled,768680.18,USD,Custodian,
SET100995,TRD100995,2026-06-09,Pending,4960360.06,GBP,SWIFT,Holiday Calendar
SET100996,TRD100996,2026-03-06,Settled,4271715.1,GBP,Custodian,
SET100997,TRD100997,2026-02-28,Cancelled,4389184.82,EUR,Custodian,
SET100998,TRD100998,2026-01-28,Pending,3349344.65,USD,CLS,Incorrect Settlement Instruction
SET100999,TRD100999,2026-06-12,Settled,4635006.33,USD,Custodian,
SET101000,TRD101000,2026-03-07,Settled,3035063.83,EUR,SWIFT,
