Settlement_ID,Trade_ID,Settlement_Date,Settlement_Status,Settlement_Amount,Settlement_Currency,Payment_Method,Settlement_Failure_Reason
SET100001,TRD100001,6/6/2026,Settled,3360081.16,USD,RTGS,
SET100002,TRD100002,2/5/2026,Cancelled,3418542.07,GBP,SWIFT,
SET100003,TRD100003,5/31/2026,Settled,2038834.13,USD,Custodian,
SET100004,TRD100004,6/10/2026,Settled,2903365.58,GBP,CLS,
SET100005,TRD100005,1/9/2026,Cancelled,3358221.19,USD,Custodian,
SET100006,TRD100006,6/2/2026,Cancelled,1189307.98,GBP,SWIFT,
SET100007,TRD100007,6/18/2026,Settled,349442.74,EUR,Internal Transfer,
SET100008,TRD100008,4/28/2026,Settled,1123633.54,GBP,Custodian,
SET100009,TRD100009,6/8/2026,Pending,582160.11,USD,SWIFT,SSI Missing
SET100010,TRD100010,2/9/2026,Settled,659980.53,USD,SWIFT,
SET100011,TRD100011,2/28/2026,Cancelled,3616758.89,GBP,Internal Transfer,
SET100012,TRD100012,2/6/2026,Settled,1879468.99,USD,SWIFT,
SET100013,TRD100013,6/16/2026,Settled,3105242.97,GBP,RTGS,
SET100014,TRD100014,3/14/2026,Pending,649856.27,USD,Internal Transfer,Incorrect Settlement Instruction
SET100015,TRD100015,4/26/2026,Cancelled,4811331.58,USD,Custodian,
SET100016,TRD100016,3/25/2026,Settled,3098718.2,USD,Internal Transfer,
SET100017,TRD100017,4/4/2026,Failed,2119753.35,GBP,Internal Transfer,Incorrect Settlement Instruction
SET100018,TRD100018,4/6/2026,Settled,4915407.73,USD,RTGS,
SET100019,TRD100019,2/13/2026,Settled,4138314.62,USD,CLS,
SET100020,TRD100020,2/9/2026,Pending,4749207.8,GBP,Custodian,Holiday Calendar
SET100021,TRD100021,3/5/2026,Pending,887993.72,USD,RTGS,Payment Mismatch
SET100022,TRD100022,6/26/2026,Settled,3701860.14,USD,RTGS,
SET100023,TRD100023,5/7/2026,Pending,4958976.66,USD,CLS,SSI Missing
SET100024,TRD100024,3/9/2026,Settled,1340786.32,USD,Custodian,
SET100025,TRD100025,3/29/2026,Settled,3905117.16,USD,CLS,
SET100026,TRD100026,3/9/2026,Cancelled,3459168.73,USD,SWIFT,
SET100027,TRD100027,4/6/2026,Settled,2753586.53,USD,RTGS,
SET100028,TRD100028,5/27/2026,Settled,2099603.75,USD,Internal Transfer,
SET100029,TRD100029,1/18/2026,Settled,3975634.48,USD,CLS,
SET100030,TRD100030,4/16/2026,Pending,1373457.14,USD,SWIFT,Holiday Calendar
SET100031,TRD100031,1/20/2026,Settled,384310.62,USD,CLS,
SET100032,TRD100032,5/30/2026,Settled,3329098.95,GBP,Custodian,
SET100033,TRD100033,5/31/2026,Pending,3824942.53,EUR,RTGS,Holiday Calendar
SET100034,TRD100034,6/9/2026,Pending,1726734.75,EUR,Internal Transfer,SSI Missing
SET100035,TRD100035,6/6/2026,Pending,2102836.85,GBP,RTGS,SSI Missing
SET100036,TRD100036,2/1/2026,Pending,2406751.53,USD,SWIFT,Holiday Calendar
SET100037,TRD100037,1/6/2026,Settled,1860901.49,USD,RTGS,
SET100038,TRD100038,4/18/2026,Settled,760434.88,USD,Custodian,
SET100039,TRD100039,5/19/2026,Settled,813839.15,USD,Internal Transfer,
SET100040,TRD100040,2/2/2026,Settled,1205452.41,USD,SWIFT,
SET100041,TRD100041,4/1/2026,Settled,964369.99,USD,CLS,
SET100042,TRD100042,6/1/2026,Pending,600109.45,USD,CLS,Incorrect Settlement Instruction
SET100043,TRD100043,6/3/2026,Settled,430904.29,GBP,SWIFT,
SET100044,TRD100044,2/25/2026,Settled,3121779.75,EUR,Internal Transfer,
SET100045,TRD100045,3/20/2026,Settled,2396487.82,GBP,CLS,
SET100046,TRD100046,3/17/2026,Settled,2058785.89,USD,Custodian,
SET100047,TRD100047,3/3/2026,Settled,857055.64,GBP,Internal Transfer,
SET100048,TRD100048,4/4/2026,Pending,4658069.59,USD,CLS,Incorrect Settlement Instruction
SET100049,TRD100049,3/13/2026,Pending,4529812.44,GBP,CLS,SSI Missing
SET100050,TRD100050,5/20/2026,Settled,2298189.3,USD,Custodian,
SET100051,TRD100051,1/19/2026,Settled,2201371.24,USD,RTGS,
SET100052,TRD100052,5/19/2026,Settled,797821.02,GBP,SWIFT,
SET100053,TRD100053,5/7/2026,Settled,4424761.06,USD,Internal Transfer,
SET100054,TRD100054,4/9/2026,Settled,1152323.97,EUR,Custodian,
SET100055,TRD100055,5/13/2026,Cancelled,1033610.29,USD,Custodian,
SET100056,TRD100056,5/10/2026,Pending,3991297.23,USD,SWIFT,Counterparty Delay
SET100057,TRD100057,6/11/2026,Settled,2873361.69,USD,CLS,
SET100058,TRD100058,3/19/2026,Settled,4873050.37,USD,Custodian,
SET100059,TRD100059,5/2/2026,Cancelled,370582,USD,Internal Transfer,
SET100060,TRD100060,4/26/2026,Settled,2594973.1,USD,Internal Transfer,
SET100061,TRD100061,6/3/2026,Settled,3324781.26,USD,SWIFT,
SET100062,TRD100062,4/15/2026,Settled,4934380.26,USD,CLS,
SET100063,TRD100063,2/27/2026,Cancelled,4906131.17,USD,SWIFT,
SET100064,TRD100064,3/9/2026,Settled,4559208.76,USD,CLS,
SET100065,TRD100065,4/22/2026,Cancelled,2815232.34,USD,RTGS,
SET100066,TRD100066,6/21/2026,Settled,131454.25,GBP,SWIFT,
SET100067,TRD100067,2/26/2026,Pending,1438655.98,EUR,RTGS,Payment Mismatch
SET100068,TRD100068,1/10/2026,Settled,1713399.58,USD,CLS,
SET100069,TRD100069,4/27/2026,Settled,2032238.33,USD,Internal Transfer,
SET100070,TRD100070,2/14/2026,Settled,4500450.07,USD,Internal Transfer,
SET100071,TRD100071,2/21/2026,Cancelled,1410421.72,USD,Custodian,
SET100072,TRD100072,4/10/2026,Pending,2670424.77,USD,SWIFT,Incorrect Settlement Instruction
SET100073,TRD100073,5/20/2026,Settled,2256295.89,USD,Custodian,
SET100074,TRD100074,4/13/2026,Cancelled,3909648.48,GBP,Custodian,
SET100075,TRD100075,5/31/2026,Settled,1046781.38,USD,RTGS,
SET100076,TRD100076,5/21/2026,Cancelled,4624798.68,EUR,CLS,
SET100077,TRD100077,6/28/2026,Settled,4608248.6,USD,SWIFT,
SET100078,TRD100078,1/12/2026,Settled,2854313.36,USD,Custodian,
SET100079,TRD100079,6/20/2026,Settled,4134578.06,USD,RTGS,
SET100080,TRD100080,5/21/2026,Settled,1295073.8,EUR,Custodian,
SET100081,TRD100081,2/4/2026,Settled,249575.73,USD,Internal Transfer,
SET100082,TRD100082,5/8/2026,Cancelled,1640130.11,USD,RTGS,
SET100083,TRD100083,4/25/2026,Settled,2853777.82,USD,Custodian,
SET100084,TRD100084,4/4/2026,Settled,1552928.99,USD,Custodian,
SET100085,TRD100085,2/14/2026,Settled,4071801.81,USD,Custodian,
SET100086,TRD100086,1/13/2026,Settled,4619457.84,USD,Custodian,
SET100087,TRD100087,6/9/2026,Settled,1209904.62,GBP,RTGS,
SET100088,TRD100088,2/15/2026,Cancelled,3539367.51,EUR,Custodian,
SET100089,TRD100089,4/4/2026,Settled,154182.09,EUR,CLS,
SET100090,TRD100090,6/26/2026,Settled,2036317.9,USD,RTGS,
SET100091,TRD100091,1/8/2026,Settled,4589718.08,EUR,Internal Transfer,
SET100092,TRD100092,2/10/2026,Settled,2764554.69,EUR,Internal Transfer,
SET100093,TRD100093,6/25/2026,Settled,3557052.46,USD,Custodian,
SET100094,TRD100094,6/12/2026,Settled,586152.55,USD,SWIFT,
SET100095,TRD100095,6/14/2026,Pending,1312335.04,USD,Custodian,Payment Mismatch
SET100096,TRD100096,1/23/2026,Cancelled,732726.3,EUR,SWIFT,
SET100097,TRD100097,4/20/2026,Settled,2955488.55,GBP,CLS,
SET100098,TRD100098,3/2/2026,Failed,151274.29,USD,Custodian,Counterparty Delay
SET100099,TRD100099,4/17/2026,Settled,3695387.19,USD,Custodian,
SET100100,TRD100100,3/30/2026,Cancelled,2188109.47,USD,SWIFT,
SET100101,TRD100101,2/12/2026,Settled,4337911.8,EUR,CLS,
SET100102,TRD100102,4/29/2026,Settled,404143.3,USD,CLS,
SET100103,TRD100103,1/22/2026,Settled,1982499.32,USD,CLS,
SET100104,TRD100104,5/7/2026,Settled,4087151.63,GBP,RTGS,
SET100105,TRD100105,2/13/2026,Settled,2298153.63,USD,SWIFT,
SET100106,TRD100106,3/30/2026,Settled,4760342.6,GBP,Internal Transfer,
SET100107,TRD100107,5/14/2026,Pending,3281061.72,USD,Internal Transfer,Insufficient Funds
SET100108,TRD100108,1/29/2026,Settled,332768.73,USD,RTGS,
SET100109,TRD100109,1/30/2026,Settled,181493.27,GBP,RTGS,
SET100110,TRD100110,3/24/2026,Settled,1528018.69,GBP,RTGS,
SET100111,TRD100111,3/11/2026,Cancelled,1473260.47,GBP,Custodian,
SET100112,TRD100112,4/16/2026,Settled,3965759.01,EUR,CLS,
SET100113,TRD100113,3/19/2026,Failed,3201542.85,GBP,CLS,SSI Missing
SET100114,TRD100114,4/22/2026,Settled,2119332.39,USD,SWIFT,
SET100115,TRD100115,5/9/2026,Settled,862775.06,USD,Custodian,
SET100116,TRD100116,6/28/2026,Settled,4161569.78,USD,CLS,
SET100117,TRD100117,4/9/2026,Settled,2103211.66,USD,RTGS,
SET100118,TRD100118,3/12/2026,Cancelled,1736129.66,EUR,CLS,
SET100119,TRD100119,4/2/2026,Settled,2852495.06,USD,Custodian,
SET100120,TRD100120,1/24/2026,Cancelled,555517.1,EUR,Custodian,
SET100121,TRD100121,6/18/2026,Cancelled,3998514.85,USD,RTGS,
SET100122,TRD100122,3/27/2026,Settled,4669561.34,USD,RTGS,
SET100123,TRD100123,6/18/2026,Settled,1340648.76,USD,RTGS,
SET100124,TRD100124,4/9/2026,Settled,2937171.45,USD,RTGS,
SET100125,TRD100125,3/22/2026,Settled,2899249.86,EUR,RTGS,
SET100126,TRD100126,4/18/2026,Pending,1232343.6,EUR,CLS,SSI Missing
SET100127,TRD100127,5/17/2026,Cancelled,3530121.54,USD,Custodian,
SET100128,TRD100128,3/18/2026,Settled,516465.87,GBP,RTGS,
SET100129,TRD100129,5/13/2026,Settled,3889539.2,USD,Custodian,
SET100130,TRD100130,5/20/2026,Settled,4203508.26,EUR,SWIFT,
SET100131,TRD100131,2/1/2026,Settled,586929.96,USD,SWIFT,
SET100132,TRD100132,2/24/2026,Settled,4147120.05,EUR,SWIFT,
SET100133,TRD100133,1/13/2026,Settled,4620056.34,USD,RTGS,
SET100134,TRD100134,2/24/2026,Settled,1860945.18,USD,RTGS,
SET100135,TRD100135,4/9/2026,Cancelled,1227129.4,USD,SWIFT,
SET100136,TRD100136,6/10/2026,Cancelled,4264266.87,EUR,SWIFT,
SET100137,TRD100137,2/28/2026,Pending,2085998.38,USD,CLS,Insufficient Funds
SET100138,TRD100138,4/23/2026,Settled,3113587.2,USD,CLS,
SET100139,TRD100139,4/24/2026,Settled,2592932.34,USD,SWIFT,
SET100140,TRD100140,6/19/2026,Pending,2356453.37,GBP,SWIFT,Incorrect Settlement Instruction
SET100141,TRD100141,3/30/2026,Cancelled,1968195.14,USD,Custodian,
SET100142,TRD100142,5/14/2026,Cancelled,1683796.28,USD,CLS,
SET100143,TRD100143,6/7/2026,Settled,3458619.66,GBP,RTGS,
SET100144,TRD100144,2/19/2026,Settled,3060443.99,USD,SWIFT,
SET100145,TRD100145,3/12/2026,Pending,4574391.21,EUR,RTGS,Counterparty Delay
SET100146,TRD100146,2/4/2026,Settled,3464693.67,EUR,SWIFT,
SET100147,TRD100147,4/29/2026,Settled,3629768.12,USD,SWIFT,
SET100148,TRD100148,4/7/2026,Cancelled,878695.37,GBP,CLS,
SET100149,TRD100149,4/14/2026,Cancelled,3001941.04,USD,Internal Transfer,
SET100150,TRD100150,3/8/2026,Cancelled,2435001.19,USD,Internal Transfer,
SET100151,TRD100151,1/31/2026,Settled,1120912.74,EUR,Internal Transfer,
SET100152,TRD100152,2/21/2026,Settled,4854021.01,EUR,CLS,
SET100153,TRD100153,6/26/2026,Settled,2214853.52,USD,Internal Transfer,
SET100154,TRD100154,4/21/2026,Settled,2916970.44,USD,SWIFT,
SET100155,TRD100155,3/29/2026,Settled,1493324.95,GBP,SWIFT,
SET100156,TRD100156,5/4/2026,Settled,3067875.51,GBP,RTGS,
SET100157,TRD100157,4/13/2026,Settled,2645842.84,EUR,Custodian,
SET100158,TRD100158,3/15/2026,Settled,2112752.55,GBP,Internal Transfer,
SET100159,TRD100159,3/13/2026,Pending,247137.12,USD,SWIFT,Holiday Calendar
SET100160,TRD100160,6/21/2026,Settled,3181326.72,USD,Custodian,
SET100161,TRD100161,6/26/2026,Pending,3149921.45,USD,Internal Transfer,Counterparty Delay
SET100162,TRD100162,6/30/2026,Settled,3207621.33,GBP,SWIFT,
SET100163,TRD100163,2/13/2026,Failed,1227322.77,USD,CLS,Incorrect Settlement Instruction
SET100164,TRD100164,5/12/2026,Settled,403185.46,USD,SWIFT,
SET100165,TRD100165,2/16/2026,Pending,2773175.76,EUR,SWIFT,Payment Mismatch
SET100166,TRD100166,2/17/2026,Cancelled,782822.97,USD,SWIFT,
SET100167,TRD100167,2/15/2026,Settled,4602757.03,EUR,Custodian,
SET100168,TRD100168,2/26/2026,Settled,2672396.42,EUR,RTGS,
SET100169,TRD100169,1/3/2026,Settled,3851426.06,EUR,Internal Transfer,
SET100170,TRD100170,5/3/2026,Pending,1081004.1,EUR,Internal Transfer,Incorrect Settlement Instruction
SET100171,TRD100171,6/19/2026,Settled,3432659.76,USD,Custodian,
SET100172,TRD100172,5/21/2026,Settled,108866.71,GBP,Custodian,
SET100173,TRD100173,4/30/2026,Settled,3358741.73,USD,SWIFT,
SET100174,TRD100174,5/7/2026,Settled,370373.28,USD,Internal Transfer,
SET100175,TRD100175,5/14/2026,Settled,4700600.23,GBP,RTGS,
SET100176,TRD100176,1/27/2026,Cancelled,3589738.31,USD,Custodian,
SET100177,TRD100177,3/21/2026,Settled,2652528.51,EUR,CLS,
SET100178,TRD100178,7/2/2026,Pending,2462106.65,USD,CLS,Insufficient Funds
SET100179,TRD100179,3/9/2026,Cancelled,576344.79,USD,CLS,
SET100180,TRD100180,1/17/2026,Pending,1898114.36,USD,RTGS,Counterparty Delay
SET100181,TRD100181,1/31/2026,Settled,177569.64,USD,RTGS,
SET100182,TRD100182,3/16/2026,Settled,2299433.59,GBP,SWIFT,
SET100183,TRD100183,2/28/2026,Settled,2141633.34,USD,RTGS,
SET100184,TRD100184,3/11/2026,Settled,1126632.08,USD,Internal Transfer,
SET100185,TRD100185,5/21/2026,Settled,1091825.61,GBP,Custodian,
SET100186,TRD100186,4/23/2026,Settled,2388002.95,GBP,Custodian,
SET100187,TRD100187,4/5/2026,Pending,3463565.27,EUR,Custodian,Counterparty Delay
SET100188,TRD100188,4/26/2026,Settled,2455259.26,USD,RTGS,
SET100189,TRD100189,3/26/2026,Settled,3961862.45,USD,CLS,
SET100190,TRD100190,6/22/2026,Settled,1231945.72,EUR,Internal Transfer,
SET100191,TRD100191,1/15/2026,Settled,118110.63,GBP,SWIFT,
SET100192,TRD100192,3/18/2026,Settled,4140948.38,USD,CLS,
SET100193,TRD100193,6/14/2026,Cancelled,3544814.27,USD,RTGS,
SET100194,TRD100194,1/22/2026,Settled,3488084.49,GBP,Custodian,
SET100195,TRD100195,2/20/2026,Settled,4393465.98,USD,CLS,
SET100196,TRD100196,6/28/2026,Settled,1003482.35,EUR,Internal Transfer,
SET100197,TRD100197,2/13/2026,Cancelled,365109.47,USD,CLS,
SET100198,TRD100198,1/4/2026,Settled,1988746.76,USD,Internal Transfer,
SET100199,TRD100199,3/28/2026,Pending,819100.18,EUR,RTGS,SSI Missing
SET100200,TRD100200,6/1/2026,Settled,1158420.07,USD,Internal Transfer,
SET100201,TRD100201,4/3/2026,Cancelled,2045006.39,GBP,CLS,
SET100202,TRD100202,1/19/2026,Settled,4831911.75,USD,RTGS,
SET100203,TRD100203,5/19/2026,Cancelled,486190.59,EUR,SWIFT,
SET100204,TRD100204,1/16/2026,Settled,441095.44,USD,CLS,
SET100205,TRD100205,5/3/2026,Settled,1392604.85,USD,Custodian,
SET100206,TRD100206,1/20/2026,Settled,3995753.69,GBP,Custodian,
SET100207,TRD100207,5/14/2026,Pending,3700127.67,EUR,Internal Transfer,Insufficient Funds
SET100208,TRD100208,6/1/2026,Settled,2290836.05,GBP,Internal Transfer,
SET100209,TRD100209,3/31/2026,Pending,334086.28,USD,Internal Transfer,SSI Missing
SET100210,TRD100210,5/30/2026,Cancelled,1903828.4,USD,Internal Transfer,
SET100211,TRD100211,5/30/2026,Failed,4997424.03,GBP,SWIFT,Payment Mismatch
SET100212,TRD100212,6/19/2026,Settled,3829860.69,USD,CLS,
SET100213,TRD100213,5/5/2026,Settled,2488445.99,USD,Internal Transfer,
SET100214,TRD100214,3/11/2026,Settled,3930569.77,GBP,Custodian,
SET100215,TRD100215,4/6/2026,Settled,2696445.84,USD,Custodian,
SET100216,TRD100216,1/16/2026,Settled,3528125.55,USD,Internal Transfer,
SET100217,TRD100217,1/27/2026,Cancelled,1983873.3,EUR,Custodian,
SET100218,TRD100218,3/26/2026,Cancelled,4188506.51,USD,Custodian,
SET100219,TRD100219,6/13/2026,Cancelled,5008646.27,USD,RTGS,
SET100220,TRD100220,1/14/2026,Cancelled,4895920.19,USD,CLS,
SET100221,TRD100221,1/30/2026,Settled,4344945.64,USD,Internal Transfer,
SET100222,TRD100222,6/15/2026,Settled,425402.08,USD,RTGS,
SET100223,TRD100223,2/19/2026,Settled,3752997.57,USD,SWIFT,
SET100224,TRD100224,2/12/2026,Settled,994968.76,USD,CLS,
SET100225,TRD100225,5/28/2026,Pending,3932284.34,GBP,Custodian,Holiday Calendar
SET100226,TRD100226,5/7/2026,Settled,2778681.33,USD,RTGS,
SET100227,TRD100227,1/8/2026,Settled,432463.72,USD,Custodian,
SET100228,TRD100228,5/21/2026,Settled,697377.47,EUR,CLS,
SET100229,TRD100229,2/18/2026,Cancelled,3646515.66,GBP,SWIFT,
SET100230,TRD100230,3/21/2026,Settled,2068739.38,GBP,CLS,
SET100231,TRD100231,4/4/2026,Settled,4225583.16,USD,CLS,
SET100232,TRD100232,3/22/2026,Settled,3545691.71,EUR,CLS,
SET100233,TRD100233,3/31/2026,Settled,1305558.06,EUR,CLS,
SET100234,TRD100234,1/24/2026,Settled,3007054.62,USD,Internal Transfer,
SET100235,TRD100235,1/23/2026,Settled,3147735.55,USD,RTGS,
SET100236,TRD100236,2/15/2026,Cancelled,669925.9,USD,RTGS,
SET100237,TRD100237,4/25/2026,Settled,3484486.72,USD,Internal Transfer,
SET100238,TRD100238,5/10/2026,Settled,4391707.78,GBP,SWIFT,
SET100239,TRD100239,5/29/2026,Settled,1399991.02,USD,RTGS,
SET100240,TRD100240,2/7/2026,Settled,3253295.92,USD,RTGS,
SET100241,TRD100241,1/16/2026,Pending,3489547.04,USD,RTGS,Counterparty Delay
SET100242,TRD100242,2/18/2026,Failed,1818157.67,USD,Custodian,SSI Missing
SET100243,TRD100243,4/15/2026,Cancelled,2636269.98,USD,CLS,
SET100244,TRD100244,4/7/2026,Cancelled,878593.27,USD,Internal Transfer,
SET100245,TRD100245,4/21/2026,Settled,3253716.19,USD,Internal Transfer,
SET100246,TRD100246,4/27/2026,Settled,4628950.13,USD,CLS,
SET100247,TRD100247,6/14/2026,Settled,823011.06,GBP,RTGS,
SET100248,TRD100248,6/18/2026,Pending,1246220.73,USD,RTGS,Holiday Calendar
SET100249,TRD100249,4/29/2026,Settled,1750358.19,USD,Custodian,
SET100250,TRD100250,4/30/2026,Settled,961163.44,USD,Custodian,
SET100251,TRD100251,5/11/2026,Settled,3664540.61,GBP,SWIFT,
SET100252,TRD100252,5/2/2026,Pending,3708990.91,GBP,SWIFT,SSI Missing
SET100253,TRD100253,3/18/2026,Settled,2089579.73,USD,Internal Transfer,
SET100254,TRD100254,5/15/2026,Settled,4305782.18,USD,Internal Transfer,
SET100255,TRD100255,3/2/2026,Failed,3039490.2,USD,SWIFT,Holiday Calendar
SET100256,TRD100256,6/17/2026,Cancelled,378768.54,USD,CLS,
SET100257,TRD100257,1/7/2026,Failed,2850183.11,USD,RTGS,Incorrect Settlement Instruction
SET100258,TRD100258,5/24/2026,Cancelled,509017.98,GBP,Custodian,
SET100259,TRD100259,1/23/2026,Settled,3511733.56,EUR,SWIFT,
SET100260,TRD100260,2/3/2026,Settled,3739812.57,GBP,SWIFT,
SET100261,TRD100261,1/4/2026,Cancelled,1114098.92,USD,SWIFT,
SET100262,TRD100262,5/21/2026,Settled,4753613.36,USD,RTGS,
SET100263,TRD100263,5/12/2026,Settled,2730586.38,USD,RTGS,
SET100264,TRD100264,7/3/2026,Settled,3386833.93,EUR,SWIFT,
SET100265,TRD100265,5/11/2026,Settled,4794384.4,USD,Internal Transfer,
SET100266,TRD100266,1/13/2026,Settled,790861.31,USD,Custodian,
SET100267,TRD100267,1/30/2026,Settled,1808712.79,USD,Custodian,
SET100268,TRD100268,4/16/2026,Cancelled,4686684.78,EUR,SWIFT,
SET100269,TRD100269,4/30/2026,Settled,1204063.91,GBP,Custodian,
SET100270,TRD100270,5/2/2026,Settled,508295.59,USD,Custodian,
SET100271,TRD100271,5/7/2026,Settled,658403.31,EUR,CLS,
SET100272,TRD100272,2/8/2026,Settled,3749608.95,USD,Custodian,
SET100273,TRD100273,1/11/2026,Settled,1668429.14,USD,SWIFT,
SET100274,TRD100274,2/25/2026,Failed,4492370.26,USD,CLS,Insufficient Funds
SET100275,TRD100275,1/14/2026,Pending,622819.99,EUR,Internal Transfer,Holiday Calendar
SET100276,TRD100276,3/25/2026,Settled,4985518.35,USD,CLS,
SET100277,TRD100277,6/20/2026,Settled,2940863.93,USD,Custodian,
SET100278,TRD100278,2/24/2026,Settled,4594412.25,USD,RTGS,
SET100279,TRD100279,4/9/2026,Cancelled,4946253.23,USD,Custodian,
SET100280,TRD100280,6/4/2026,Cancelled,4902542.42,GBP,RTGS,
SET100281,TRD100281,6/18/2026,Pending,3254153.13,USD,Custodian,Payment Mismatch
SET100282,TRD100282,2/5/2026,Failed,4046638.95,EUR,Internal Transfer,Payment Mismatch
SET100283,TRD100283,1/30/2026,Pending,4379676.67,USD,CLS,SSI Missing
SET100284,TRD100284,1/19/2026,Pending,2615250.67,USD,RTGS,Payment Mismatch
SET100285,TRD100285,3/12/2026,Settled,4836625.74,USD,Internal Transfer,
SET100286,TRD100286,5/31/2026,Settled,1211849.75,GBP,CLS,
SET100287,TRD100287,2/23/2026,Settled,1326288.18,GBP,RTGS,
SET100288,TRD100288,6/22/2026,Cancelled,1943420.62,USD,Internal Transfer,
SET100289,TRD100289,4/29/2026,Settled,3903761.2,EUR,Custodian,
SET100290,TRD100290,5/1/2026,Settled,965927.18,USD,CLS,
SET100291,TRD100291,5/18/2026,Settled,657601.55,USD,Internal Transfer,
SET100292,TRD100292,6/7/2026,Settled,1221311.8,USD,Custodian,
SET100293,TRD100293,2/25/2026,Settled,1216039.94,USD,RTGS,
SET100294,TRD100294,1/25/2026,Settled,4138650.2,USD,Internal Transfer,
SET100295,TRD100295,4/5/2026,Settled,4046257.63,GBP,Internal Transfer,
SET100296,TRD100296,3/4/2026,Pending,4763379.68,EUR,CLS,Counterparty Delay
SET100297,TRD100297,5/31/2026,Cancelled,3361705.92,EUR,CLS,
SET100298,TRD100298,6/19/2026,Settled,5036962.71,GBP,Internal Transfer,
SET100299,TRD100299,3/27/2026,Settled,2760152.73,GBP,Custodian,
SET100300,TRD100300,1/10/2026,Cancelled,2147667.68,USD,SWIFT,
SET100301,TRD100301,6/29/2026,Settled,698554.67,EUR,CLS,
SET100302,TRD100302,4/2/2026,Cancelled,759120.04,GBP,SWIFT,
SET100303,TRD100303,3/4/2026,Settled,454249.99,USD,Internal Transfer,
SET100304,TRD100304,2/20/2026,Settled,4223428.22,EUR,SWIFT,
SET100305,TRD100305,6/19/2026,Settled,2896955.62,USD,CLS,
SET100306,TRD100306,3/4/2026,Cancelled,168199.44,USD,RTGS,
SET100307,TRD100307,1/20/2026,Settled,4722903.83,USD,RTGS,
SET100308,TRD100308,1/26/2026,Settled,4277845.04,EUR,Custodian,
SET100309,TRD100309,2/12/2026,Cancelled,3378144.1,USD,Internal Transfer,
SET100310,TRD100310,1/17/2026,Cancelled,5055345.13,USD,CLS,
SET100311,TRD100311,2/1/2026,Settled,3633070.25,USD,RTGS,
SET100312,TRD100312,1/23/2026,Cancelled,2169355.63,USD,Internal Transfer,
SET100313,TRD100313,2/11/2026,Settled,842657.79,USD,CLS,
SET100314,TRD100314,6/9/2026,Failed,3613924.86,USD,RTGS,Insufficient Funds
SET100315,TRD100315,4/23/2026,Cancelled,2758937.19,EUR,Custodian,
SET100316,TRD100316,5/3/2026,Settled,4219259.18,GBP,SWIFT,
SET100317,TRD100317,1/26/2026,Settled,4160472.16,USD,RTGS,
SET100318,TRD100318,6/19/2026,Failed,431370.21,EUR,Internal Transfer,Insufficient Funds
SET100319,TRD100319,4/16/2026,Settled,2160803.5,USD,SWIFT,
SET100320,TRD100320,3/5/2026,Pending,3333707.17,EUR,Custodian,Counterparty Delay
SET100321,TRD100321,3/13/2026,Settled,4793723.44,USD,Internal Transfer,
SET100322,TRD100322,4/13/2026,Settled,3137329.27,EUR,SWIFT,
SET100323,TRD100323,5/27/2026,Settled,1495277.35,EUR,SWIFT,
SET100324,TRD100324,3/9/2026,Failed,1377168.26,USD,SWIFT,Holiday Calendar
SET100325,TRD100325,2/4/2026,Settled,355417.51,USD,Internal Transfer,
SET100326,TRD100326,6/23/2026,Pending,1469818.36,GBP,SWIFT,Counterparty Delay
SET100327,TRD100327,3/29/2026,Settled,4200403.93,USD,CLS,
SET100328,TRD100328,3/22/2026,Settled,424207.87,USD,RTGS,
SET100329,TRD100329,6/28/2026,Cancelled,2630897.5,USD,Custodian,
SET100330,TRD100330,5/31/2026,Cancelled,1395520.18,GBP,RTGS,
SET100331,TRD100331,5/28/2026,Settled,1818431.59,USD,SWIFT,
SET100332,TRD100332,5/13/2026,Settled,4386225.18,USD,Custodian,
SET100333,TRD100333,4/27/2026,Settled,3321073.06,USD,SWIFT,
SET100334,TRD100334,3/31/2026,Settled,3466497.79,USD,Custodian,
SET100335,TRD100335,1/27/2026,Settled,915967.7,USD,RTGS,
SET100336,TRD100336,6/18/2026,Settled,284314.87,USD,CLS,
SET100337,TRD100337,5/5/2026,Settled,3933927.45,EUR,Custodian,
SET100338,TRD100338,4/23/2026,Cancelled,791642.75,GBP,CLS,
SET100339,TRD100339,1/19/2026,Settled,4930192.07,GBP,RTGS,
SET100340,TRD100340,1/15/2026,Settled,4387035.09,GBP,Custodian,
SET100341,TRD100341,2/11/2026,Settled,170307.85,GBP,RTGS,
SET100342,TRD100342,5/4/2026,Pending,337961.93,USD,SWIFT,Incorrect Settlement Instruction
SET100343,TRD100343,3/25/2026,Settled,2510076.17,EUR,RTGS,
SET100344,TRD100344,2/23/2026,Settled,2570316.37,USD,CLS,
SET100345,TRD100345,3/2/2026,Pending,707062.74,USD,RTGS,Counterparty Delay
SET100346,TRD100346,6/10/2026,Settled,905110.6,USD,SWIFT,
SET100347,TRD100347,2/26/2026,Settled,1594298.97,GBP,RTGS,
SET100348,TRD100348,4/21/2026,Pending,4621167.91,USD,Custodian,SSI Missing
SET100349,TRD100349,3/11/2026,Settled,2396930.1,GBP,CLS,
SET100350,TRD100350,4/30/2026,Settled,1705482.91,USD,CLS,
SET100351,TRD100351,4/17/2026,Failed,4059652.52,EUR,Custodian,Insufficient Funds
SET100352,TRD100352,1/15/2026,Settled,2496447.68,EUR,SWIFT,
SET100353,TRD100353,1/25/2026,Settled,4113733.16,GBP,Custodian,
SET100354,TRD100354,5/27/2026,Pending,3490641.22,USD,SWIFT,Insufficient Funds
SET100355,TRD100355,3/10/2026,Cancelled,1420168.39,EUR,RTGS,
SET100356,TRD100356,6/24/2026,Settled,2204704.1,USD,SWIFT,
SET100357,TRD100357,3/20/2026,Settled,1425890.71,USD,RTGS,
SET100358,TRD100358,6/18/2026,Cancelled,3586487.1,EUR,RTGS,
SET100359,TRD100359,4/24/2026,Pending,4519293.27,GBP,SWIFT,Payment Mismatch
SET100360,TRD100360,5/19/2026,Pending,1608573.52,USD,RTGS,Holiday Calendar
SET100361,TRD100361,2/12/2026,Settled,560599.55,USD,RTGS,
SET100362,TRD100362,2/23/2026,Settled,4137963.41,USD,Internal Transfer,
SET100363,TRD100363,4/24/2026,Settled,3741855.78,GBP,Custodian,
SET100364,TRD100364,6/27/2026,Settled,4824148.42,USD,CLS,
SET100365,TRD100365,2/21/2026,Settled,3019770.52,GBP,SWIFT,
SET100366,TRD100366,3/30/2026,Settled,270768.67,GBP,Internal Transfer,
SET100367,TRD100367,4/23/2026,Cancelled,2939850.47,GBP,RTGS,
SET100368,TRD100368,5/2/2026,Settled,1386347.43,USD,CLS,
SET100369,TRD100369,5/7/2026,Settled,1148830.27,EUR,CLS,
SET100370,TRD100370,2/1/2026,Cancelled,2226872.27,GBP,CLS,
SET100371,TRD100371,6/28/2026,Settled,3845978.38,USD,Internal Transfer,
SET100372,TRD100372,2/12/2026,Settled,3009928.81,USD,Custodian,
SET100373,TRD100373,5/11/2026,Settled,4539773.24,GBP,Custodian,
SET100374,TRD100374,5/1/2026,Cancelled,2449447.2,USD,RTGS,
SET100375,TRD100375,1/26/2026,Cancelled,3305423.56,EUR,CLS,
SET100376,TRD100376,2/21/2026,Settled,1355460.13,GBP,CLS,
SET100377,TRD100377,2/8/2026,Settled,4440850.85,USD,RTGS,
SET100378,TRD100378,1/9/2026,Settled,3275859.33,EUR,SWIFT,
SET100379,TRD100379,4/26/2026,Settled,4615437.2,USD,Internal Transfer,
SET100380,TRD100380,2/19/2026,Settled,2210457.02,USD,RTGS,
SET100381,TRD100381,6/17/2026,Pending,1422077.32,USD,SWIFT,Counterparty Delay
SET100382,TRD100382,6/7/2026,Cancelled,4600943.4,USD,Custodian,
SET100383,TRD100383,2/11/2026,Settled,4531540.4,USD,RTGS,
SET100384,TRD100384,6/1/2026,Cancelled,1111134.56,USD,CLS,
SET100385,TRD100385,3/30/2026,Settled,390114.14,USD,RTGS,
SET100386,TRD100386,3/3/2026,Settled,2707888.26,EUR,Custodian,
SET100387,TRD100387,5/7/2026,Settled,1725573.06,USD,Internal Transfer,
SET100388,TRD100388,2/11/2026,Settled,4243487.04,USD,RTGS,
SET100389,TRD100389,4/1/2026,Settled,2777176.99,USD,CLS,
SET100390,TRD100390,5/3/2026,Settled,621589.54,USD,SWIFT,
SET100391,TRD100391,5/22/2026,Settled,2352615.8,GBP,RTGS,
SET100392,TRD100392,5/24/2026,Settled,1454255.17,EUR,Custodian,
SET100393,TRD100393,6/18/2026,Settled,4904308.09,GBP,CLS,
SET100394,TRD100394,1/4/2026,Cancelled,3969362.04,GBP,CLS,
SET100395,TRD100395,5/14/2026,Cancelled,2288135.37,USD,CLS,
SET100396,TRD100396,2/10/2026,Settled,3623505.66,USD,RTGS,
SET100397,TRD100397,3/5/2026,Settled,1002666.36,GBP,SWIFT,
SET100398,TRD100398,2/28/2026,Settled,4342846.7,USD,Internal Transfer,
SET100399,TRD100399,5/21/2026,Settled,4460432.25,USD,CLS,
SET100400,TRD100400,1/28/2026,Pending,1639318.85,USD,RTGS,SSI Missing
SET100401,TRD100401,6/20/2026,Settled,3830935.58,USD,RTGS,
SET100402,TRD100402,1/12/2026,Settled,653965.21,EUR,SWIFT,
SET100403,TRD100403,6/23/2026,Settled,1724161.16,EUR,RTGS,
SET100404,TRD100404,5/20/2026,Pending,1318611.89,USD,RTGS,Payment Mismatch
SET100405,TRD100405,4/30/2026,Settled,4597205.87,USD,Custodian,
SET100406,TRD100406,1/28/2026,Cancelled,3472767.26,EUR,Internal Transfer,
SET100407,TRD100407,1/21/2026,Settled,1124174.47,USD,RTGS,
SET100408,TRD100408,3/8/2026,Cancelled,3838782.9,EUR,RTGS,
SET100409,TRD100409,6/19/2026,Pending,2313432.13,USD,SWIFT,Holiday Calendar
SET100410,TRD100410,1/18/2026,Pending,4225452.84,USD,RTGS,SSI Missing
SET100411,TRD100411,3/21/2026,Settled,688989.78,USD,SWIFT,
SET100412,TRD100412,2/4/2026,Cancelled,3588557.18,USD,CLS,
SET100413,TRD100413,1/24/2026,Cancelled,4044743.86,GBP,CLS,
SET100414,TRD100414,1/13/2026,Settled,3369922.27,GBP,SWIFT,
SET100415,TRD100415,3/25/2026,Settled,1608126.65,EUR,Custodian,
SET100416,TRD100416,4/14/2026,Settled,2168604.14,USD,CLS,
SET100417,TRD100417,3/25/2026,Settled,393734.61,EUR,RTGS,
SET100418,TRD100418,6/15/2026,Settled,4647040.95,GBP,Internal Transfer,
SET100419,TRD100419,3/3/2026,Settled,269729.8,USD,SWIFT,
SET100420,TRD100420,3/9/2026,Settled,280344.87,USD,Custodian,
SET100421,TRD100421,6/29/2026,Pending,4877399.9,EUR,RTGS,Insufficient Funds
SET100422,TRD100422,4/5/2026,Cancelled,283495.15,USD,Internal Transfer,
SET100423,TRD100423,5/9/2026,Settled,4924783.17,USD,CLS,
SET100424,TRD100424,1/28/2026,Settled,3213903.1,USD,Custodian,
SET100425,TRD100425,6/4/2026,Cancelled,1209538.7,USD,CLS,
SET100426,TRD100426,4/9/2026,Settled,1789766.38,USD,Custodian,
SET100427,TRD100427,3/24/2026,Settled,2482564.86,USD,SWIFT,
SET100428,TRD100428,5/19/2026,Settled,2539541.86,GBP,Custodian,
SET100429,TRD100429,4/25/2026,Settled,4083619.35,USD,Custodian,
SET100430,TRD100430,1/24/2026,Pending,4654751,USD,Internal Transfer,Incorrect Settlement Instruction
SET100431,TRD100431,1/4/2026,Cancelled,1779481.08,USD,RTGS,
SET100432,TRD100432,2/4/2026,Settled,3510241.3,USD,Custodian,
SET100433,TRD100433,6/16/2026,Pending,2682898.61,USD,Internal Transfer,Insufficient Funds
SET100434,TRD100434,1/9/2026,Settled,3522970.19,USD,SWIFT,
SET100435,TRD100435,4/3/2026,Cancelled,4783774.13,GBP,SWIFT,
SET100436,TRD100436,2/9/2026,Settled,1511160.25,USD,Internal Transfer,
SET100437,TRD100437,4/21/2026,Failed,3200042.8,GBP,SWIFT,Incorrect Settlement Instruction
SET100438,TRD100438,5/28/2026,Settled,3460672.38,GBP,CLS,
SET100439,TRD100439,3/16/2026,Settled,2734153.34,USD,CLS,
SET100440,TRD100440,4/16/2026,Settled,2066202.54,GBP,Internal Transfer,
SET100441,TRD100441,1/22/2026,Settled,1467812.93,USD,Internal Transfer,
SET100442,TRD100442,3/18/2026,Cancelled,4932090.15,GBP,Custodian,
SET100443,TRD100443,5/16/2026,Cancelled,235443.16,USD,RTGS,
SET100444,TRD100444,1/16/2026,Settled,2813642.63,USD,Custodian,
SET100445,TRD100445,4/23/2026,Settled,1456022.95,GBP,RTGS,
SET100446,TRD100446,1/24/2026,Settled,3493779.23,USD,RTGS,
SET100447,TRD100447,6/6/2026,Pending,1826203.8,USD,CLS,Holiday Calendar
SET100448,TRD100448,1/12/2026,Pending,2412041.22,USD,Internal Transfer,Payment Mismatch
SET100449,TRD100449,4/1/2026,Cancelled,4874429.43,USD,Internal Transfer,
SET100450,TRD100450,2/13/2026,Settled,4643678.49,USD,Internal Transfer,
SET100451,TRD100451,6/30/2026,Settled,3198437.71,EUR,CLS,
SET100452,TRD100452,2/9/2026,Settled,2065519.45,GBP,SWIFT,
SET100453,TRD100453,5/15/2026,Settled,3119046.03,USD,CLS,
SET100454,TRD100454,3/15/2026,Pending,3085156.09,EUR,RTGS,Incorrect Settlement Instruction
SET100455,TRD100455,4/26/2026,Settled,2276501.77,USD,Internal Transfer,
SET100456,TRD100456,4/8/2026,Settled,2778867.19,GBP,Internal Transfer,
SET100457,TRD100457,3/28/2026,Cancelled,954361.94,USD,SWIFT,
SET100458,TRD100458,2/26/2026,Settled,3345675.87,EUR,RTGS,
SET100459,TRD100459,6/23/2026,Pending,4502467.25,USD,RTGS,Holiday Calendar
SET100460,TRD100460,6/23/2026,Failed,1767948.93,USD,SWIFT,Holiday Calendar
SET100461,TRD100461,1/11/2026,Settled,3770626.62,EUR,CLS,
SET100462,TRD100462,5/11/2026,Settled,626896.37,USD,Internal Transfer,
SET100463,TRD100463,6/5/2026,Settled,4847664.29,GBP,Custodian,
SET100464,TRD100464,3/27/2026,Settled,3599404.94,USD,SWIFT,
SET100465,TRD100465,4/6/2026,Cancelled,4199722.71,EUR,Internal Transfer,
SET100466,TRD100466,5/28/2026,Settled,2745729.62,USD,Internal Transfer,
SET100467,TRD100467,3/6/2026,Settled,1731948.49,GBP,SWIFT,
SET100468,TRD100468,4/20/2026,Settled,3973717.18,USD,CLS,
SET100469,TRD100469,3/25/2026,Cancelled,3068880.61,USD,Internal Transfer,
SET100470,TRD100470,2/7/2026,Settled,3688106.32,EUR,CLS,
SET100471,TRD100471,3/9/2026,Cancelled,1224365.87,EUR,CLS,
SET100472,TRD100472,4/14/2026,Cancelled,3282466.2,EUR,Custodian,
SET100473,TRD100473,2/7/2026,Settled,1721036.5,USD,Custodian,
SET100474,TRD100474,2/16/2026,Cancelled,4895683.34,USD,CLS,
SET100475,TRD100475,1/15/2026,Settled,4399019.63,USD,RTGS,
SET100476,TRD100476,2/14/2026,Cancelled,3705137.32,EUR,Internal Transfer,
SET100477,TRD100477,6/13/2026,Settled,3604604.34,USD,CLS,
SET100478,TRD100478,6/18/2026,Settled,2974660.59,USD,Custodian,
SET100479,TRD100479,1/3/2026,Pending,3655042.68,GBP,CLS,SSI Missing
SET100480,TRD100480,3/11/2026,Settled,518470.67,USD,SWIFT,
SET100481,TRD100481,4/10/2026,Settled,2392352.69,GBP,CLS,
SET100482,TRD100482,1/4/2026,Settled,3503453.68,USD,Internal Transfer,
SET100483,TRD100483,1/20/2026,Settled,4463554.18,USD,RTGS,
SET100484,TRD100484,4/21/2026,Settled,4085431.33,USD,Internal Transfer,
SET100485,TRD100485,1/26/2026,Settled,2529935.98,EUR,CLS,
SET100486,TRD100486,4/19/2026,Settled,2868818.65,USD,Internal Transfer,
SET100487,TRD100487,5/24/2026,Pending,2781093.13,USD,CLS,SSI Missing
SET100488,TRD100488,5/20/2026,Pending,4508486.02,EUR,Internal Transfer,Incorrect Settlement Instruction
SET100489,TRD100489,2/19/2026,Settled,154311.79,USD,RTGS,
SET100490,TRD100490,6/17/2026,Settled,4323093.82,GBP,Internal Transfer,
SET100491,TRD100491,4/13/2026,Cancelled,900412.63,EUR,RTGS,
SET100492,TRD100492,1/10/2026,Cancelled,1972432.51,USD,Internal Transfer,
SET100493,TRD100493,5/17/2026,Failed,3056054.71,USD,CLS,Insufficient Funds
SET100494,TRD100494,5/21/2026,Cancelled,2376370.2,USD,CLS,
SET100495,TRD100495,5/25/2026,Settled,2948543.12,USD,CLS,
SET100496,TRD100496,3/23/2026,Cancelled,2775593.34,GBP,Internal Transfer,
SET100497,TRD100497,5/7/2026,Settled,4316443.52,USD,CLS,
SET100498,TRD100498,1/8/2026,Settled,319657.29,GBP,Internal Transfer,
SET100499,TRD100499,6/16/2026,Settled,3355329.8,USD,SWIFT,
SET100500,TRD100500,2/13/2026,Settled,4360857,GBP,SWIFT,
SET100501,TRD100501,3/27/2026,Settled,4510769.88,GBP,RTGS,
SET100502,TRD100502,3/17/2026,Cancelled,3143121.87,GBP,Internal Transfer,
SET100503,TRD100503,2/26/2026,Cancelled,4255860.95,USD,CLS,
SET100504,TRD100504,2/12/2026,Cancelled,1533668.18,GBP,Internal Transfer,
SET100505,TRD100505,1/30/2026,Settled,4125114.6,EUR,SWIFT,
SET100506,TRD100506,1/30/2026,Settled,3916506.67,USD,SWIFT,
SET100507,TRD100507,5/9/2026,Settled,1059231.89,USD,Internal Transfer,
SET100508,TRD100508,4/2/2026,Pending,3531269.71,USD,RTGS,Counterparty Delay
SET100509,TRD100509,6/13/2026,Pending,4014217.75,GBP,CLS,Incorrect Settlement Instruction
SET100510,TRD100510,6/17/2026,Settled,778601.88,USD,Custodian,
SET100511,TRD100511,3/6/2026,Cancelled,269382.3,GBP,SWIFT,
SET100512,TRD100512,1/20/2026,Settled,372580.72,EUR,RTGS,
SET100513,TRD100513,2/8/2026,Cancelled,4280994.21,USD,Internal Transfer,
SET100514,TRD100514,3/19/2026,Settled,3354529.15,EUR,RTGS,
SET100515,TRD100515,2/21/2026,Settled,1370886.72,USD,CLS,
SET100516,TRD100516,1/3/2026,Settled,3160020.07,USD,SWIFT,
SET100517,TRD100517,5/1/2026,Settled,4041459.75,USD,SWIFT,
SET100518,TRD100518,6/27/2026,Settled,4785358.9,USD,SWIFT,
SET100519,TRD100519,3/14/2026,Cancelled,393925.7,EUR,Internal Transfer,
SET100520,TRD100520,5/28/2026,Settled,2101592.99,EUR,SWIFT,
SET100521,TRD100521,4/13/2026,Cancelled,160093.24,GBP,Custodian,
SET100522,TRD100522,4/21/2026,Settled,756964.7,EUR,Internal Transfer,
SET100523,TRD100523,1/24/2026,Settled,254000.54,EUR,CLS,
SET100524,TRD100524,2/7/2026,Settled,625843.93,USD,Internal Transfer,
SET100525,TRD100525,5/12/2026,Pending,3786719.79,GBP,RTGS,Counterparty Delay
SET100526,TRD100526,2/19/2026,Settled,423560.31,GBP,Internal Transfer,
SET100527,TRD100527,6/11/2026,Cancelled,3560260.1,EUR,SWIFT,
SET100528,TRD100528,1/21/2026,Pending,4312317.41,USD,CLS,Payment Mismatch
SET100529,TRD100529,2/11/2026,Settled,4613297.97,GBP,Internal Transfer,
SET100530,TRD100530,1/20/2026,Settled,4134058.09,EUR,Internal Transfer,
SET100531,TRD100531,5/11/2026,Settled,3691499.33,USD,Custodian,
SET100532,TRD100532,5/25/2026,Settled,714023.96,USD,Custodian,
SET100533,TRD100533,6/29/2026,Settled,3964150.21,USD,CLS,
SET100534,TRD100534,6/24/2026,Settled,1363895.89,USD,RTGS,
SET100535,TRD100535,4/9/2026,Failed,1258078.58,GBP,Custodian,Insufficient Funds
SET100536,TRD100536,4/17/2026,Settled,3701863.17,GBP,SWIFT,
SET100537,TRD100537,3/19/2026,Settled,662724.26,USD,SWIFT,
SET100538,TRD100538,6/16/2026,Settled,4350924.77,GBP,Custodian,
SET100539,TRD100539,1/23/2026,Cancelled,1730231.98,GBP,Custodian,
SET100540,TRD100540,6/24/2026,Settled,2710786.83,USD,Internal Transfer,
SET100541,TRD100541,6/25/2026,Cancelled,3773790.96,USD,Internal Transfer,
SET100542,TRD100542,6/25/2026,Settled,3441960.56,GBP,Custodian,
SET100543,TRD100543,4/14/2026,Settled,1152513.01,GBP,Custodian,
SET100544,TRD100544,4/24/2026,Settled,1010092.24,USD,CLS,
SET100545,TRD100545,1/31/2026,Settled,3868795.28,EUR,Internal Transfer,
SET100546,TRD100546,6/20/2026,Cancelled,2536901.27,EUR,CLS,
SET100547,TRD100547,3/21/2026,Cancelled,2535300.7,EUR,Internal Transfer,
SET100548,TRD100548,6/19/2026,Settled,1807403.77,USD,RTGS,
SET100549,TRD100549,2/25/2026,Settled,4022009.48,EUR,RTGS,
SET100550,TRD100550,4/4/2026,Settled,5000357.03,USD,Internal Transfer,
SET100551,TRD100551,5/21/2026,Settled,4288419.66,GBP,RTGS,
SET100552,TRD100552,2/1/2026,Settled,4404185.9,USD,Custodian,
SET100553,TRD100553,1/11/2026,Settled,4692197.89,USD,Custodian,
SET100554,TRD100554,4/3/2026,Settled,859991.49,GBP,RTGS,
SET100555,TRD100555,2/10/2026,Settled,1030275.79,USD,Custodian,
SET100556,TRD100556,3/14/2026,Settled,1015388.17,USD,CLS,
SET100557,TRD100557,2/2/2026,Settled,2148336.02,EUR,SWIFT,
SET100558,TRD100558,4/19/2026,Settled,2349393.38,USD,SWIFT,
SET100559,TRD100559,1/22/2026,Settled,413181.66,USD,CLS,
SET100560,TRD100560,2/12/2026,Settled,1665159.59,GBP,CLS,
SET100561,TRD100561,3/19/2026,Settled,4360064.62,GBP,Internal Transfer,
SET100562,TRD100562,5/19/2026,Settled,547684.8,GBP,SWIFT,
SET100563,TRD100563,1/4/2026,Settled,880934.5,GBP,SWIFT,
SET100564,TRD100564,5/11/2026,Settled,2737462.64,USD,Internal Transfer,
SET100565,TRD100565,5/16/2026,Cancelled,531270.39,USD,CLS,
SET100566,TRD100566,3/21/2026,Settled,3279549.95,EUR,Custodian,
SET100567,TRD100567,5/20/2026,Settled,4941132.4,USD,CLS,
SET100568,TRD100568,3/28/2026,Pending,1384212.69,USD,SWIFT,Payment Mismatch
SET100569,TRD100569,4/11/2026,Settled,1528995.06,USD,SWIFT,
SET100570,TRD100570,1/20/2026,Cancelled,4163437.68,USD,SWIFT,
SET100571,TRD100571,3/21/2026,Settled,1107351.73,GBP,Internal Transfer,
SET100572,TRD100572,5/14/2026,Settled,1865608.26,USD,RTGS,
SET100573,TRD100573,4/22/2026,Settled,650894.93,USD,SWIFT,
SET100574,TRD100574,1/29/2026,Settled,1389121.63,USD,CLS,
SET100575,TRD100575,3/14/2026,Settled,252752.96,EUR,CLS,
SET100576,TRD100576,6/1/2026,Cancelled,369747.91,USD,SWIFT,
SET100577,TRD100577,4/7/2026,Settled,4880576.57,GBP,RTGS,
SET100578,TRD100578,2/11/2026,Settled,4630118.96,USD,RTGS,
SET100579,TRD100579,3/4/2026,Settled,2820024.59,USD,SWIFT,
SET100580,TRD100580,5/3/2026,Settled,4210841.14,USD,CLS,
SET100581,TRD100581,6/17/2026,Cancelled,145084.71,USD,RTGS,
SET100582,TRD100582,6/29/2026,Settled,4226394.13,USD,RTGS,
SET100583,TRD100583,1/15/2026,Settled,2443163.57,USD,Custodian,
SET100584,TRD100584,6/23/2026,Settled,3081858.13,USD,RTGS,
SET100585,TRD100585,3/13/2026,Settled,1641635.44,USD,Internal Transfer,
SET100586,TRD100586,2/25/2026,Settled,3179097.31,USD,Custodian,
SET100587,TRD100587,7/1/2026,Settled,2776208.59,USD,Internal Transfer,
SET100588,TRD100588,4/6/2026,Settled,4415067.22,USD,SWIFT,
SET100589,TRD100589,1/15/2026,Cancelled,1401352.3,USD,RTGS,
SET100590,TRD100590,5/17/2026,Pending,2205024.21,USD,Custodian,Counterparty Delay
SET100591,TRD100591,5/21/2026,Pending,3990910.84,USD,RTGS,Payment Mismatch
SET100592,TRD100592,4/14/2026,Settled,4769190.4,EUR,Custodian,
SET100593,TRD100593,2/27/2026,Settled,1504477.41,USD,Custodian,
SET100594,TRD100594,5/18/2026,Settled,4922848.89,USD,SWIFT,
SET100595,TRD100595,3/12/2026,Settled,1217157.35,USD,Custodian,
SET100596,TRD100596,3/30/2026,Settled,304980.95,USD,RTGS,
SET100597,TRD100597,2/18/2026,Cancelled,3437602.36,USD,CLS,
SET100598,TRD100598,5/28/2026,Settled,2148320.13,USD,SWIFT,
SET100599,TRD100599,1/23/2026,Settled,4182175.68,EUR,Custodian,
SET100600,TRD100600,5/29/2026,Settled,1996806.11,USD,CLS,
SET100601,TRD100601,4/1/2026,Failed,2174300.65,USD,CLS,Counterparty Delay
SET100602,TRD100602,6/15/2026,Settled,1426636.02,USD,CLS,
SET100603,TRD100603,6/9/2026,Settled,2658702.03,USD,Custodian,
SET100604,TRD100604,6/19/2026,Settled,1939920.34,EUR,Internal Transfer,
SET100605,TRD100605,5/8/2026,Settled,4229479.21,USD,RTGS,
SET100606,TRD100606,2/1/2026,Pending,4259561.22,USD,SWIFT,Payment Mismatch
SET100607,TRD100607,6/24/2026,Settled,200308.06,USD,CLS,
SET100608,TRD100608,3/20/2026,Settled,2682669.22,EUR,SWIFT,
SET100609,TRD100609,3/12/2026,Settled,1224200.26,USD,Internal Transfer,
SET100610,TRD100610,4/26/2026,Pending,4094994.28,EUR,CLS,SSI Missing
SET100611,TRD100611,4/29/2026,Pending,2456662.53,USD,Internal Transfer,Incorrect Settlement Instruction
SET100612,TRD100612,5/15/2026,Settled,5061075.24,USD,Custodian,
SET100613,TRD100613,2/15/2026,Settled,2424428.14,GBP,SWIFT,
SET100614,TRD100614,2/20/2026,Settled,2119492.07,GBP,Internal Transfer,
SET100615,TRD100615,5/31/2026,Settled,4635979.6,GBP,Internal Transfer,
SET100616,TRD100616,4/23/2026,Settled,2914315.54,GBP,Custodian,
SET100617,TRD100617,2/2/2026,Settled,429659.35,USD,Internal Transfer,
SET100618,TRD100618,2/15/2026,Failed,286529.02,USD,SWIFT,SSI Missing
SET100619,TRD100619,2/4/2026,Pending,3645655.93,GBP,Custodian,Insufficient Funds
SET100620,TRD100620,1/13/2026,Pending,3536402.6,USD,RTGS,Counterparty Delay
SET100621,TRD100621,4/12/2026,Settled,1221456.23,GBP,CLS,
SET100622,TRD100622,5/29/2026,Settled,4402131.15,GBP,CLS,
SET100623,TRD100623,5/2/2026,Cancelled,4451666.68,USD,Custodian,
SET100624,TRD100624,6/28/2026,Settled,550039.34,USD,Internal Transfer,
SET100625,TRD100625,4/27/2026,Settled,157721.42,USD,Custodian,
SET100626,TRD100626,1/15/2026,Settled,3054267.04,USD,SWIFT,
SET100627,TRD100627,5/23/2026,Settled,725600.68,GBP,Custodian,
SET100628,TRD100628,1/20/2026,Settled,4564994.72,GBP,RTGS,
SET100629,TRD100629,6/25/2026,Cancelled,224371.88,EUR,SWIFT,
SET100630,TRD100630,1/21/2026,Cancelled,2098046.08,USD,CLS,
SET100631,TRD100631,3/30/2026,Settled,3784272.26,EUR,CLS,
SET100632,TRD100632,4/15/2026,Settled,2943850.02,EUR,CLS,
SET100633,TRD100633,3/8/2026,Settled,2902553.57,EUR,SWIFT,
SET100634,TRD100634,6/6/2026,Pending,2435948.08,USD,CLS,Payment Mismatch
SET100635,TRD100635,3/5/2026,Pending,1322876.61,EUR,Internal Transfer,Holiday Calendar
SET100636,TRD100636,5/10/2026,Settled,4307611.07,USD,RTGS,
SET100637,TRD100637,6/30/2026,Settled,731304.07,USD,SWIFT,
SET100638,TRD100638,6/20/2026,Settled,1164113.26,EUR,CLS,
SET100639,TRD100639,3/3/2026,Settled,3223943.01,USD,Internal Transfer,
SET100640,TRD100640,1/19/2026,Settled,1445073.77,USD,Custodian,
SET100641,TRD100641,2/12/2026,Settled,2791235.91,USD,SWIFT,
SET100642,TRD100642,1/31/2026,Cancelled,1739621.9,EUR,Internal Transfer,
SET100643,TRD100643,1/8/2026,Failed,2962252.27,USD,RTGS,Incorrect Settlement Instruction
SET100644,TRD100644,1/19/2026,Settled,4402029.17,EUR,RTGS,
SET100645,TRD100645,6/3/2026,Settled,1647436.89,USD,Internal Transfer,
SET100646,TRD100646,4/17/2026,Pending,2608797.74,GBP,SWIFT,Incorrect Settlement Instruction
SET100647,TRD100647,4/15/2026,Settled,3122530.4,EUR,RTGS,
SET100648,TRD100648,4/16/2026,Settled,4221107.33,USD,CLS,
SET100649,TRD100649,3/16/2026,Settled,714172.73,GBP,SWIFT,
SET100650,TRD100650,4/7/2026,Cancelled,1656779.3,USD,RTGS,
SET100651,TRD100651,4/4/2026,Settled,1793724.8,USD,RTGS,
SET100652,TRD100652,1/14/2026,Cancelled,3152713.8,USD,CLS,
SET100653,TRD100653,4/6/2026,Pending,1385944.12,USD,Internal Transfer,Holiday Calendar
SET100654,TRD100654,3/19/2026,Settled,3649234.18,USD,Internal Transfer,
SET100655,TRD100655,6/20/2026,Settled,4725878.83,GBP,Custodian,
SET100656,TRD100656,1/7/2026,Pending,4554126.6,GBP,Custodian,Payment Mismatch
SET100657,TRD100657,4/16/2026,Settled,4528985.85,EUR,Internal Transfer,
SET100658,TRD100658,5/6/2026,Settled,3898175.65,EUR,RTGS,
SET100659,TRD100659,4/7/2026,Settled,1994107.56,EUR,CLS,
SET100660,TRD100660,5/2/2026,Settled,1111856.21,USD,CLS,
SET100661,TRD100661,4/30/2026,Settled,2641214.33,USD,SWIFT,
SET100662,TRD100662,2/9/2026,Settled,433733.14,USD,Custodian,
SET100663,TRD100663,2/26/2026,Cancelled,1916077.49,USD,Internal Transfer,
SET100664,TRD100664,6/10/2026,Cancelled,1740413.35,GBP,CLS,
SET100665,TRD100665,6/6/2026,Cancelled,215478.15,GBP,Custodian,
SET100666,TRD100666,4/17/2026,Settled,1759460.69,USD,SWIFT,
SET100667,TRD100667,5/13/2026,Settled,3478051.17,USD,Custodian,
SET100668,TRD100668,2/6/2026,Cancelled,2623478.25,GBP,SWIFT,
SET100669,TRD100669,4/19/2026,Cancelled,1371014.14,USD,Internal Transfer,
SET100670,TRD100670,6/17/2026,Cancelled,259985.17,USD,Internal Transfer,
SET100671,TRD100671,3/22/2026,Cancelled,1808482.2,EUR,Custodian,
SET100672,TRD100672,5/9/2026,Cancelled,405328.91,EUR,Internal Transfer,
SET100673,TRD100673,5/19/2026,Settled,1534954.86,USD,RTGS,
SET100674,TRD100674,2/10/2026,Pending,943893.37,EUR,SWIFT,SSI Missing
SET100675,TRD100675,1/13/2026,Pending,2650122.18,EUR,SWIFT,Holiday Calendar
SET100676,TRD100676,2/4/2026,Cancelled,1508165.12,USD,CLS,
SET100677,TRD100677,2/28/2026,Failed,2839060.72,GBP,Custodian,Insufficient Funds
SET100678,TRD100678,6/6/2026,Settled,2326982.99,USD,Custodian,
SET100679,TRD100679,2/5/2026,Settled,4404197.69,USD,RTGS,
SET100680,TRD100680,6/17/2026,Settled,2092671.41,EUR,CLS,
SET100681,TRD100681,3/16/2026,Settled,3891604.73,GBP,Custodian,
SET100682,TRD100682,2/3/2026,Cancelled,2376600.24,USD,Custodian,
SET100683,TRD100683,5/13/2026,Settled,1230961.81,USD,CLS,
SET100684,TRD100684,5/23/2026,Settled,1249615.17,USD,Custodian,
SET100685,TRD100685,3/10/2026,Settled,2112239.74,USD,Internal Transfer,
SET100686,TRD100686,1/3/2026,Settled,1799241.17,USD,SWIFT,
SET100687,TRD100687,2/12/2026,Settled,4203165.92,GBP,CLS,
SET100688,TRD100688,4/1/2026,Settled,2873664.68,EUR,SWIFT,
SET100689,TRD100689,1/2/2026,Settled,1911189.36,USD,Custodian,
SET100690,TRD100690,1/27/2026,Settled,1969731.15,EUR,Internal Transfer,
SET100691,TRD100691,4/17/2026,Settled,4168444.04,USD,RTGS,
SET100692,TRD100692,6/30/2026,Settled,2756638.8,USD,RTGS,
SET100693,TRD100693,6/9/2026,Settled,782928.1,USD,Custodian,
SET100694,TRD100694,5/21/2026,Cancelled,2302924.54,USD,RTGS,
SET100695,TRD100695,1/20/2026,Cancelled,4613370.43,EUR,CLS,
SET100696,TRD100696,6/11/2026,Settled,458350.97,USD,Internal Transfer,
SET100697,TRD100697,1/12/2026,Failed,1756078.62,GBP,SWIFT,Counterparty Delay
SET100698,TRD100698,4/8/2026,Settled,4209893.32,GBP,Internal Transfer,
SET100699,TRD100699,6/17/2026,Cancelled,3590916.5,GBP,Internal Transfer,
SET100700,TRD100700,5/29/2026,Settled,1311165.57,EUR,SWIFT,
SET100701,TRD100701,1/12/2026,Settled,4103532.59,GBP,SWIFT,
SET100702,TRD100702,3/27/2026,Settled,1225871.79,EUR,SWIFT,
SET100703,TRD100703,2/25/2026,Settled,4333158.37,USD,Internal Transfer,
SET100704,TRD100704,4/28/2026,Settled,4483173.35,USD,Internal Transfer,
SET100705,TRD100705,5/6/2026,Settled,865969.16,EUR,CLS,
SET100706,TRD100706,5/6/2026,Cancelled,4550734.46,GBP,SWIFT,
SET100707,TRD100707,4/3/2026,Settled,1948102.15,USD,SWIFT,
SET100708,TRD100708,6/8/2026,Cancelled,2408518.49,EUR,RTGS,
SET100709,TRD100709,6/14/2026,Settled,1753401.18,USD,CLS,
SET100710,TRD100710,3/18/2026,Cancelled,2249217.86,USD,Custodian,
SET100711,TRD100711,1/15/2026,Settled,2557754.19,GBP,SWIFT,
SET100712,TRD100712,6/3/2026,Settled,1638168.88,GBP,SWIFT,
SET100713,TRD100713,1/19/2026,Pending,3724608.75,EUR,RTGS,Counterparty Delay
SET100714,TRD100714,5/17/2026,Settled,2932936.26,USD,Internal Transfer,
SET100715,TRD100715,1/18/2026,Cancelled,3673296.28,USD,RTGS,
SET100716,TRD100716,1/31/2026,Settled,1514451.67,GBP,CLS,
SET100717,TRD100717,4/18/2026,Cancelled,2620922.49,USD,CLS,
SET100718,TRD100718,1/10/2026,Settled,2918826.04,USD,SWIFT,
SET100719,TRD100719,5/24/2026,Settled,1324337.66,USD,SWIFT,
SET100720,TRD100720,1/22/2026,Pending,1275268.02,USD,CLS,Holiday Calendar
SET100721,TRD100721,2/28/2026,Settled,3773476.91,USD,RTGS,
SET100722,TRD100722,2/15/2026,Settled,593734.63,USD,CLS,
SET100723,TRD100723,2/17/2026,Settled,2929298.9,USD,Custodian,
SET100724,TRD100724,1/18/2026,Settled,5000095.54,USD,Custodian,
SET100725,TRD100725,1/8/2026,Settled,1445627.08,EUR,Custodian,
SET100726,TRD100726,1/8/2026,Cancelled,1601088.35,USD,Custodian,
SET100727,TRD100727,2/21/2026,Settled,4936739.07,GBP,Internal Transfer,
SET100728,TRD100728,6/26/2026,Settled,4630611.89,GBP,RTGS,
SET100729,TRD100729,6/25/2026,Settled,394839.42,USD,CLS,
SET100730,TRD100730,1/22/2026,Settled,738029.71,EUR,Internal Transfer,
SET100731,TRD100731,2/28/2026,Settled,4507412.81,EUR,Custodian,
SET100732,TRD100732,5/1/2026,Settled,974834.38,GBP,RTGS,
SET100733,TRD100733,6/12/2026,Settled,2859931.88,USD,Internal Transfer,
SET100734,TRD100734,2/12/2026,Cancelled,2418645.99,USD,Custodian,
SET100735,TRD100735,6/24/2026,Settled,2700613.68,USD,SWIFT,
SET100736,TRD100736,1/12/2026,Settled,1633601.63,USD,CLS,
SET100737,TRD100737,5/9/2026,Cancelled,1822383.39,GBP,SWIFT,
SET100738,TRD100738,1/19/2026,Cancelled,2761449.63,EUR,CLS,
SET100739,TRD100739,3/30/2026,Settled,3556014.78,USD,SWIFT,
SET100740,TRD100740,6/22/2026,Settled,990281.96,USD,RTGS,
SET100741,TRD100741,1/24/2026,Settled,2253884.93,EUR,Internal Transfer,
SET100742,TRD100742,6/27/2026,Settled,2026280.15,USD,Custodian,
SET100743,TRD100743,5/4/2026,Pending,1249466.66,USD,Internal Transfer,Counterparty Delay
SET100744,TRD100744,6/4/2026,Cancelled,4259958.15,USD,Custodian,
SET100745,TRD100745,4/26/2026,Settled,3261790.27,USD,SWIFT,
SET100746,TRD100746,7/2/2026,Settled,1649907.17,USD,Custodian,
SET100747,TRD100747,6/8/2026,Failed,775978.39,USD,Internal Transfer,SSI Missing
SET100748,TRD100748,5/5/2026,Settled,567636.64,USD,CLS,
SET100749,TRD100749,6/13/2026,Settled,4445954.62,USD,SWIFT,
SET100750,TRD100750,5/11/2026,Settled,2356696.4,EUR,Internal Transfer,
SET100751,TRD100751,6/28/2026,Settled,3358803.7,USD,Custodian,
SET100752,TRD100752,2/26/2026,Settled,4481544.66,USD,Internal Transfer,
SET100753,TRD100753,6/10/2026,Pending,3991827.21,USD,RTGS,Incorrect Settlement Instruction
SET100754,TRD100754,5/8/2026,Settled,3637710.99,EUR,SWIFT,
SET100755,TRD100755,2/19/2026,Settled,2219145.94,EUR,CLS,
SET100756,TRD100756,6/26/2026,Settled,835672.49,USD,Custodian,
SET100757,TRD100757,7/1/2026,Settled,4672124,USD,SWIFT,
SET100758,TRD100758,6/24/2026,Settled,1562323.13,USD,Internal Transfer,
SET100759,TRD100759,1/16/2026,Settled,475626.35,GBP,Internal Transfer,
SET100760,TRD100760,5/19/2026,Settled,4946555.65,USD,CLS,
SET100761,TRD100761,2/6/2026,Settled,4435373.27,USD,CLS,
SET100762,TRD100762,1/9/2026,Settled,1446522.77,USD,SWIFT,
SET100763,TRD100763,3/10/2026,Settled,1540612.77,USD,SWIFT,
SET100764,TRD100764,5/2/2026,Settled,2504043.87,USD,Custodian,
SET100765,TRD100765,6/11/2026,Cancelled,2668927.36,GBP,SWIFT,
SET100766,TRD100766,1/8/2026,Settled,2231031.16,USD,CLS,
SET100767,TRD100767,4/18/2026,Settled,2901966.99,EUR,CLS,
SET100768,TRD100768,6/24/2026,Settled,2888941.16,USD,CLS,
SET100769,TRD100769,4/26/2026,Settled,2924781.91,USD,Custodian,
SET100770,TRD100770,1/4/2026,Settled,3855762.75,USD,SWIFT,
SET100771,TRD100771,4/23/2026,Settled,185041.92,USD,Custodian,
SET100772,TRD100772,1/6/2026,Settled,1631429.5,GBP,CLS,
SET100773,TRD100773,1/9/2026,Settled,4151528.79,USD,RTGS,
SET100774,TRD100774,5/8/2026,Settled,4166773.58,USD,CLS,
SET100775,TRD100775,2/4/2026,Settled,4639006.98,GBP,Internal Transfer,
SET100776,TRD100776,5/24/2026,Settled,821931.95,USD,RTGS,
SET100777,TRD100777,2/3/2026,Settled,2523453.24,USD,SWIFT,
SET100778,TRD100778,3/15/2026,Cancelled,3793133.07,USD,Custodian,
SET100779,TRD100779,6/19/2026,Cancelled,3713386.33,GBP,RTGS,
SET100780,TRD100780,3/10/2026,Settled,836663.37,GBP,RTGS,
SET100781,TRD100781,7/1/2026,Settled,2505458.09,EUR,RTGS,
SET100782,TRD100782,5/13/2026,Settled,3664780.77,USD,CLS,
SET100783,TRD100783,6/29/2026,Settled,4629304.64,GBP,RTGS,
SET100784,TRD100784,5/18/2026,Cancelled,1327986.97,USD,CLS,
SET100785,TRD100785,1/5/2026,Pending,3373006.58,USD,Custodian,Counterparty Delay
SET100786,TRD100786,6/6/2026,Cancelled,2080661.55,USD,Internal Transfer,
SET100787,TRD100787,1/31/2026,Settled,4445827.09,USD,SWIFT,
SET100788,TRD100788,2/21/2026,Settled,704398.15,USD,CLS,
SET100789,TRD100789,4/22/2026,Settled,4898358.66,EUR,SWIFT,
SET100790,TRD100790,1/30/2026,Cancelled,4358636.54,USD,Custodian,
SET100791,TRD100791,1/6/2026,Cancelled,4783970.66,USD,CLS,
SET100792,TRD100792,1/12/2026,Settled,4978090.57,EUR,CLS,
SET100793,TRD100793,4/2/2026,Settled,2184509.24,EUR,CLS,
SET100794,TRD100794,6/1/2026,Cancelled,2078831.59,USD,CLS,
SET100795,TRD100795,4/4/2026,Settled,3759369.81,USD,Internal Transfer,
SET100796,TRD100796,3/7/2026,Settled,474613.93,USD,Internal Transfer,
SET100797,TRD100797,4/1/2026,Settled,1280024.08,EUR,Internal Transfer,
SET100798,TRD100798,4/18/2026,Settled,961077.38,USD,SWIFT,
SET100799,TRD100799,4/14/2026,Settled,3047230.3,EUR,SWIFT,
SET100800,TRD100800,6/14/2026,Pending,1824631.15,GBP,CLS,SSI Missing
SET100801,TRD100801,6/18/2026,Settled,4106511.83,GBP,CLS,
SET100802,TRD100802,2/13/2026,Settled,1957246.08,USD,CLS,
SET100803,TRD100803,4/21/2026,Settled,3425671.49,USD,SWIFT,
SET100804,TRD100804,6/16/2026,Settled,1007078.39,USD,Internal Transfer,
SET100805,TRD100805,1/25/2026,Pending,932999.03,USD,Custodian,SSI Missing
SET100806,TRD100806,3/2/2026,Settled,992812.08,USD,Internal Transfer,
SET100807,TRD100807,5/8/2026,Settled,2346801.13,GBP,SWIFT,
SET100808,TRD100808,1/28/2026,Settled,4542626.8,USD,CLS,
SET100809,TRD100809,2/8/2026,Settled,4848988.84,USD,SWIFT,
SET100810,TRD100810,3/10/2026,Settled,3363266.33,USD,RTGS,
SET100811,TRD100811,5/2/2026,Settled,1315738.24,USD,Custodian,
SET100812,TRD100812,1/18/2026,Settled,1572892.24,GBP,Custodian,
SET100813,TRD100813,6/27/2026,Settled,4149804.82,USD,Custodian,
SET100814,TRD100814,3/25/2026,Settled,4100703.51,USD,CLS,
SET100815,TRD100815,2/25/2026,Settled,2212711.66,USD,SWIFT,
SET100816,TRD100816,2/20/2026,Cancelled,2194506.59,USD,Custodian,
SET100817,TRD100817,1/11/2026,Settled,2627822.47,GBP,RTGS,
SET100818,TRD100818,1/7/2026,Settled,2536892.07,USD,RTGS,
SET100819,TRD100819,4/20/2026,Settled,1478628.26,EUR,Internal Transfer,
SET100820,TRD100820,1/24/2026,Settled,2422327.91,USD,SWIFT,
SET100821,TRD100821,1/19/2026,Settled,851248.91,USD,SWIFT,
SET100822,TRD100822,2/26/2026,Settled,1165302.84,EUR,RTGS,
SET100823,TRD100823,5/23/2026,Settled,3743073.55,USD,Custodian,
SET100824,TRD100824,5/8/2026,Settled,1280459.29,GBP,CLS,
SET100825,TRD100825,3/27/2026,Cancelled,4131032.62,USD,RTGS,
SET100826,TRD100826,1/10/2026,Cancelled,496967.49,EUR,Internal Transfer,
SET100827,TRD100827,1/12/2026,Settled,3354344.71,EUR,CLS,
SET100828,TRD100828,2/16/2026,Cancelled,960949.89,USD,CLS,
SET100829,TRD100829,3/21/2026,Pending,2657255.55,EUR,Internal Transfer,Counterparty Delay
SET100830,TRD100830,3/25/2026,Settled,2066383.15,USD,SWIFT,
SET100831,TRD100831,6/5/2026,Cancelled,4236299.43,EUR,CLS,
SET100832,TRD100832,3/9/2026,Settled,2364048.07,GBP,SWIFT,
SET100833,TRD100833,1/18/2026,Cancelled,224736.51,USD,CLS,
SET100834,TRD100834,6/27/2026,Cancelled,3317385.95,USD,CLS,
SET100835,TRD100835,4/17/2026,Settled,4214634.12,USD,Internal Transfer,
SET100836,TRD100836,4/20/2026,Cancelled,992230.72,EUR,SWIFT,
SET100837,TRD100837,3/9/2026,Settled,1681031.15,USD,Custodian,
SET100838,TRD100838,1/29/2026,Pending,323045.19,GBP,CLS,Holiday Calendar
SET100839,TRD100839,4/27/2026,Cancelled,412319.87,USD,CLS,
SET100840,TRD100840,1/13/2026,Settled,646417.43,GBP,Custodian,
SET100841,TRD100841,6/15/2026,Settled,3743609.51,EUR,CLS,
SET100842,TRD100842,5/23/2026,Settled,1641543.49,EUR,Custodian,
SET100843,TRD100843,1/29/2026,Cancelled,1823837.24,USD,SWIFT,
SET100844,TRD100844,4/25/2026,Settled,3960021.39,USD,Internal Transfer,
SET100845,TRD100845,6/20/2026,Settled,445787.71,USD,CLS,
SET100846,TRD100846,5/21/2026,Cancelled,4400122.17,USD,Custodian,
SET100847,TRD100847,3/3/2026,Settled,2650760,GBP,SWIFT,
SET100848,TRD100848,2/22/2026,Settled,2796835.28,USD,Custodian,
SET100849,TRD100849,2/21/2026,Cancelled,2522226.22,EUR,Internal Transfer,
SET100850,TRD100850,5/31/2026,Failed,4859196.36,USD,SWIFT,SSI Missing
SET100851,TRD100851,4/24/2026,Settled,4117120,USD,SWIFT,
SET100852,TRD100852,6/3/2026,Cancelled,1734916.74,USD,RTGS,
SET100853,TRD100853,7/1/2026,Failed,2448442.75,USD,Internal Transfer,SSI Missing
SET100854,TRD100854,2/22/2026,Settled,1987622.84,GBP,CLS,
SET100855,TRD100855,3/16/2026,Settled,4429941.43,EUR,SWIFT,
SET100856,TRD100856,3/23/2026,Settled,1724555.82,USD,CLS,
SET100857,TRD100857,5/6/2026,Settled,1915843.24,EUR,Custodian,
SET100858,TRD100858,3/5/2026,Settled,2288837.98,GBP,RTGS,
SET100859,TRD100859,3/14/2026,Cancelled,4471087.04,USD,SWIFT,
SET100860,TRD100860,5/9/2026,Settled,3041379.7,USD,Internal Transfer,
SET100861,TRD100861,4/14/2026,Settled,227624.25,GBP,Custodian,
SET100862,TRD100862,6/12/2026,Pending,2678354.33,USD,RTGS,Incorrect Settlement Instruction
SET100863,TRD100863,4/18/2026,Settled,4535923.96,USD,Internal Transfer,
SET100864,TRD100864,1/27/2026,Failed,3826181.51,USD,CLS,Holiday Calendar
SET100865,TRD100865,1/16/2026,Cancelled,965040.16,GBP,Internal Transfer,
SET100866,TRD100866,4/22/2026,Settled,1204701.54,GBP,Custodian,
SET100867,TRD100867,1/13/2026,Cancelled,119974.87,USD,RTGS,
SET100868,TRD100868,2/3/2026,Settled,2647216.44,USD,Custodian,
SET100869,TRD100869,5/28/2026,Cancelled,1510504.54,USD,RTGS,
SET100870,TRD100870,5/1/2026,Cancelled,4259940.55,USD,CLS,
SET100871,TRD100871,4/18/2026,Settled,2917508.09,USD,Custodian,
SET100872,TRD100872,1/17/2026,Pending,394505.89,USD,RTGS,Holiday Calendar
SET100873,TRD100873,4/5/2026,Settled,3786197.01,USD,Custodian,
SET100874,TRD100874,6/10/2026,Settled,4256260.84,GBP,Internal Transfer,
SET100875,TRD100875,3/30/2026,Settled,3876769.67,USD,Internal Transfer,
SET100876,TRD100876,5/9/2026,Cancelled,3453033.88,USD,Internal Transfer,
SET100877,TRD100877,4/21/2026,Settled,4898991.39,GBP,RTGS,
SET100878,TRD100878,6/18/2026,Settled,4336499.27,USD,SWIFT,
SET100879,TRD100879,5/21/2026,Settled,2602208.77,EUR,Custodian,
SET100880,TRD100880,3/6/2026,Cancelled,4729373.97,GBP,Custodian,
SET100881,TRD100881,6/13/2026,Failed,2926459.89,USD,Internal Transfer,Insufficient Funds
SET100882,TRD100882,1/5/2026,Settled,4215799.1,GBP,Custodian,
SET100883,TRD100883,3/4/2026,Settled,2147486.64,USD,Internal Transfer,
SET100884,TRD100884,1/21/2026,Pending,3296685.45,USD,Custodian,Holiday Calendar
SET100885,TRD100885,6/7/2026,Cancelled,3280050.85,EUR,SWIFT,
SET100886,TRD100886,4/21/2026,Settled,1547967.74,EUR,Custodian,
SET100887,TRD100887,1/22/2026,Settled,2567503.75,USD,RTGS,
SET100888,TRD100888,4/10/2026,Settled,309169.12,USD,Custodian,
SET100889,TRD100889,3/26/2026,Settled,990110.33,GBP,RTGS,
SET100890,TRD100890,4/6/2026,Settled,4425317.64,EUR,RTGS,
SET100891,TRD100891,5/3/2026,Settled,3854537.93,USD,RTGS,
SET100892,TRD100892,6/26/2026,Cancelled,4341342.51,USD,SWIFT,
SET100893,TRD100893,3/20/2026,Cancelled,3412073.68,USD,RTGS,
SET100894,TRD100894,6/23/2026,Cancelled,3116644.55,USD,SWIFT,
SET100895,TRD100895,2/28/2026,Settled,5030503.85,USD,Internal Transfer,
SET100896,TRD100896,4/24/2026,Settled,795962.43,USD,SWIFT,
SET100897,TRD100897,1/7/2026,Settled,4787070.38,USD,CLS,
SET100898,TRD100898,3/27/2026,Settled,4745178.72,USD,RTGS,
SET100899,TRD100899,6/6/2026,Cancelled,3002340.67,USD,RTGS,
SET100900,TRD100900,6/12/2026,Settled,1295038.63,EUR,Custodian,
SET100901,TRD100901,2/22/2026,Pending,1425206.35,USD,RTGS,Insufficient Funds
SET100902,TRD100902,5/28/2026,Cancelled,3128116.32,EUR,CLS,
SET100903,TRD100903,6/12/2026,Cancelled,2252694.21,EUR,Internal Transfer,
SET100904,TRD100904,6/8/2026,Settled,1873702.26,USD,SWIFT,
SET100905,TRD100905,4/1/2026,Settled,2101093.03,GBP,CLS,
SET100906,TRD100906,3/25/2026,Settled,387893.39,USD,Custodian,
SET100907,TRD100907,5/31/2026,Settled,1282447.24,USD,Custodian,
SET100908,TRD100908,6/19/2026,Settled,1174908.79,GBP,CLS,
SET100909,TRD100909,4/17/2026,Cancelled,4482206.92,EUR,Internal Transfer,
SET100910,TRD100910,1/15/2026,Settled,829331.28,EUR,CLS,
SET100911,TRD100911,4/15/2026,Pending,1583675.19,USD,CLS,Counterparty Delay
SET100912,TRD100912,2/17/2026,Settled,3654133.47,USD,RTGS,
SET100913,TRD100913,4/20/2026,Settled,2010506.15,EUR,Custodian,
SET100914,TRD100914,3/24/2026,Settled,3202470.08,USD,SWIFT,
SET100915,TRD100915,5/16/2026,Settled,2848523.74,USD,RTGS,
SET100916,TRD100916,5/31/2026,Settled,498310.04,EUR,SWIFT,
SET100917,TRD100917,5/30/2026,Settled,3581517.91,USD,RTGS,
SET100918,TRD100918,2/7/2026,Settled,2630024.76,GBP,CLS,
SET100919,TRD100919,1/13/2026,Settled,3697522.26,USD,CLS,
SET100920,TRD100920,6/5/2026,Settled,664463.15,GBP,SWIFT,
SET100921,TRD100921,4/30/2026,Settled,1962136.72,USD,Custodian,
SET100922,TRD100922,3/6/2026,Settled,1266622.82,USD,RTGS,
SET100923,TRD100923,2/3/2026,Settled,1464512.87,EUR,RTGS,
SET100924,TRD100924,6/11/2026,Settled,3835387.81,USD,RTGS,
SET100925,TRD100925,6/25/2026,Settled,560476.22,GBP,CLS,
SET100926,TRD100926,2/18/2026,Settled,1627411.14,USD,RTGS,
SET100927,TRD100927,3/16/2026,Settled,582693.41,GBP,Internal Transfer,
SET100928,TRD100928,1/27/2026,Settled,2767820.56,USD,CLS,
SET100929,TRD100929,5/2/2026,Settled,3564990.39,EUR,CLS,
SET100930,TRD100930,5/6/2026,Pending,4851135.81,EUR,CLS,Counterparty Delay
SET100931,TRD100931,2/14/2026,Settled,597877.51,USD,RTGS,
SET100932,TRD100932,1/16/2026,Settled,4146519.37,USD,Internal Transfer,
SET100933,TRD100933,5/6/2026,Settled,4215142.61,USD,SWIFT,
SET100934,TRD100934,4/6/2026,Settled,2270067.86,USD,CLS,
SET100935,TRD100935,3/14/2026,Cancelled,5043110.64,USD,SWIFT,
SET100936,TRD100936,6/27/2026,Failed,3431687.52,USD,CLS,Incorrect Settlement Instruction
SET100937,TRD100937,2/17/2026,Settled,2042024.25,USD,SWIFT,
SET100938,TRD100938,2/14/2026,Settled,3350132.15,EUR,CLS,
SET100939,TRD100939,5/31/2026,Settled,3361977.35,USD,Custodian,
SET100940,TRD100940,2/7/2026,Settled,2774244.8,USD,Internal Transfer,
SET100941,TRD100941,3/25/2026,Settled,4784757.35,USD,CLS,
SET100942,TRD100942,6/27/2026,Settled,3463152.14,USD,RTGS,
SET100943,TRD100943,6/23/2026,Settled,3845323.12,EUR,Internal Transfer,
SET100944,TRD100944,1/20/2026,Settled,1850234.6,GBP,SWIFT,
SET100945,TRD100945,6/30/2026,Pending,1636259.48,USD,SWIFT,Incorrect Settlement Instruction
SET100946,TRD100946,3/10/2026,Settled,4371545.67,USD,SWIFT,
SET100947,TRD100947,3/30/2026,Cancelled,3936260.68,GBP,Custodian,
SET100948,TRD100948,5/26/2026,Cancelled,4813024.77,USD,SWIFT,
SET100949,TRD100949,3/1/2026,Settled,1139953.83,USD,SWIFT,
SET100950,TRD100950,6/8/2026,Cancelled,745982.52,USD,SWIFT,
SET100951,TRD100951,2/15/2026,Pending,330781.62,USD,RTGS,Insufficient Funds
SET100952,TRD100952,6/21/2026,Pending,1269261.79,GBP,RTGS,SSI Missing
SET100953,TRD100953,2/1/2026,Settled,2819638.3,USD,Internal Transfer,
SET100954,TRD100954,4/12/2026,Settled,2084009.44,USD,RTGS,
SET100955,TRD100955,5/25/2026,Cancelled,4533704.41,EUR,SWIFT,
SET100956,TRD100956,3/17/2026,Settled,1595624.36,EUR,CLS,
SET100957,TRD100957,1/14/2026,Settled,3859281.82,USD,RTGS,
SET100958,TRD100958,3/15/2026,Settled,4525432.17,EUR,RTGS,
SET100959,TRD100959,5/8/2026,Cancelled,2622199.81,USD,Internal Transfer,
SET100960,TRD100960,6/5/2026,Settled,2577679.88,USD,Custodian,
SET100961,TRD100961,6/18/2026,Cancelled,812143.36,EUR,Internal Transfer,
SET100962,TRD100962,5/18/2026,Settled,2873257.05,USD,CLS,
SET100963,TRD100963,6/9/2026,Cancelled,3562639.62,USD,Custodian,
SET100964,TRD100964,2/5/2026,Settled,2049812.41,EUR,SWIFT,
SET100965,TRD100965,6/21/2026,Settled,2704196.29,EUR,RTGS,
SET100966,TRD100966,2/2/2026,Settled,2332389.01,EUR,RTGS,
SET100967,TRD100967,6/9/2026,Settled,2846092.31,USD,SWIFT,
SET100968,TRD100968,6/15/2026,Settled,1611572.01,USD,CLS,
SET100969,TRD100969,4/19/2026,Settled,349837.25,EUR,Custodian,
SET100970,TRD100970,2/3/2026,Settled,2083917.42,USD,CLS,
SET100971,TRD100971,3/24/2026,Cancelled,3841600.93,EUR,Custodian,
SET100972,TRD100972,7/2/2026,Pending,3767444.15,GBP,CLS,Incorrect Settlement Instruction
SET100973,TRD100973,4/27/2026,Settled,214419.89,GBP,RTGS,
SET100974,TRD100974,4/9/2026,Failed,829100.07,EUR,RTGS,Counterparty Delay
SET100975,TRD100975,5/17/2026,Pending,1582106.9,USD,Custodian,Incorrect Settlement Instruction
SET100976,TRD100976,5/27/2026,Cancelled,3577597.67,USD,SWIFT,
SET100977,TRD100977,3/29/2026,Cancelled,2300788.22,GBP,Custodian,
SET100978,TRD100978,1/16/2026,Pending,3266951.58,GBP,RTGS,SSI Missing
SET100979,TRD100979,1/10/2026,Pending,4849575.25,USD,CLS,Insufficient Funds
SET100980,TRD100980,5/19/2026,Settled,3050628.81,EUR,Custodian,
SET100981,TRD100981,6/25/2026,Pending,3344771.1,USD,Internal Transfer,SSI Missing
SET100982,TRD100982,1/23/2026,Cancelled,1638222.47,GBP,CLS,
SET100983,TRD100983,4/25/2026,Settled,3350701.76,EUR,RTGS,
SET100984,TRD100984,3/10/2026,Settled,3388074.43,EUR,RTGS,
SET100985,TRD100985,2/4/2026,Settled,475234.71,USD,RTGS,
SET100986,TRD100986,1/28/2026,Settled,4826121.08,EUR,Internal Transfer,
SET100987,TRD100987,1/27/2026,Settled,2927060.94,USD,RTGS,
SET100988,TRD100988,5/24/2026,Settled,4898044.04,GBP,Custodian,
SET100989,TRD100989,3/7/2026,Cancelled,1128326.04,USD,Internal Transfer,
SET100990,TRD100990,3/23/2026,Pending,2087510.18,EUR,SWIFT,Counterparty Delay
SET100991,TRD100991,4/17/2026,Cancelled,4309791.76,EUR,RTGS,
SET100992,TRD100992,1/29/2026,Settled,102634.27,USD,RTGS,
SET100993,TRD100993,5/19/2026,Settled,261234.72,USD,Custodian,
SET100994,TRD100994,4/1/2026,Cancelled,768680.18,USD,Custodian,
SET100995,TRD100995,6/9/2026,Pending,4960360.06,GBP,SWIFT,Holiday Calendar
SET100996,TRD100996,3/6/2026,Settled,4271715.1,GBP,Custodian,
SET100997,TRD100997,2/28/2026,Cancelled,4389184.82,EUR,Custodian,
SET100998,TRD100998,1/28/2026,Pending,3349344.65,USD,CLS,Incorrect Settlement Instruction
SET100999,TRD100999,6/12/2026,Settled,4635006.33,USD,Custodian,
SET101000,TRD101000,3/7/2026,Settled,3035063.83,EUR,SWIFT,
